-- phpMyAdmin SQL Dump
-- version 4.0.4.1
-- http://www.phpmyadmin.net
--
-- Host: 127.0.0.1
-- Generation Time: Dec 11, 2013 at 04:44 PM
-- Server version: 5.6.11
-- PHP Version: 5.5.3

SET SQL_MODE = "NO_AUTO_VALUE_ON_ZERO";
SET time_zone = "+00:00";


/*!40101 SET @OLD_CHARACTER_SET_CLIENT=@@CHARACTER_SET_CLIENT */;
/*!40101 SET @OLD_CHARACTER_SET_RESULTS=@@CHARACTER_SET_RESULTS */;
/*!40101 SET @OLD_COLLATION_CONNECTION=@@COLLATION_CONNECTION */;
/*!40101 SET NAMES utf8 */;

--
-- Database: `law`
--
CREATE DATABASE IF NOT EXISTS `law` DEFAULT CHARACTER SET utf8 COLLATE utf8_unicode_ci;
USE `law`;

--
-- Dumping data for table `auth_assignment`
--

INSERT INTO `auth_assignment` (`itemname`, `userid`, `bizrule`, `data`) VALUES
('role_5', '9', NULL, 'N;');

--
-- Dumping data for table `auth_item`
--

INSERT INTO `auth_item` (`name`, `type`, `description`, `bizrule`, `data`) VALUES
('role_4', 2, '', NULL, 'N;'),
('staff.create', 0, '', NULL, 'N;'),
('staff.update', 0, '', NULL, 'N;'),
('staff.view', 0, '', NULL, 'N;'),
('staff.delete', 0, '', NULL, 'N;'),
('client.create', 0, '', NULL, 'N;'),
('client.update', 0, '', NULL, 'N;'),
('client.view', 0, '', NULL, 'N;'),
('client.delete', 0, '', NULL, 'N;'),
('matter.create', 0, '', NULL, 'N;'),
('matter.update', 0, '', NULL, 'N;'),
('matter.view', 0, '', NULL, 'N;'),
('matter.delete', 0, '', NULL, 'N;'),
('document.create', 0, '', NULL, 'N;'),
('document.update', 0, '', NULL, 'N;'),
('document.view', 0, '', NULL, 'N;'),
('document.delete', 0, '', NULL, 'N;'),
('role_5', 2, '', NULL, 'N;'),
('role_6', 2, '', NULL, 'N;'),
('role_8', 2, '', NULL, 'N;');

--
-- Dumping data for table `auth_item_child`
--

INSERT INTO `auth_item_child` (`parent`, `child`) VALUES
('role_4', 'client.create'),
('role_4', 'client.update'),
('role_4', 'document.create'),
('role_4', 'document.update'),
('role_4', 'matter.create'),
('role_4', 'matter.update'),
('role_4', 'staff.create'),
('role_4', 'staff.update'),
('role_5', 'client.update'),
('role_5', 'client.view'),
('role_5', 'document.update'),
('role_5', 'document.view'),
('role_5', 'matter.update'),
('role_5', 'matter.view'),
('role_5', 'staff.update'),
('role_5', 'staff.view'),
('role_6', 'client.view'),
('role_6', 'document.view'),
('role_6', 'matter.view'),
('role_6', 'staff.view'),
('role_8', 'client.create'),
('role_8', 'client.delete'),
('role_8', 'client.update'),
('role_8', 'client.view'),
('role_8', 'document.create'),
('role_8', 'document.delete'),
('role_8', 'document.update'),
('role_8', 'document.view'),
('role_8', 'matter.create'),
('role_8', 'matter.delete'),
('role_8', 'matter.update'),
('role_8', 'matter.view'),
('role_8', 'staff.create'),
('role_8', 'staff.delete'),
('role_8', 'staff.update'),
('role_8', 'staff.view');

--
-- Dumping data for table `clients`
--

INSERT INTO `clients` (`id`, `office_id`, `name`, `phone`, `email`, `skype`, `facebook`) VALUES
(1, 4, 'School District', '123-123-1235', 'testme@test.com', 'testSkype2', 'https://www.facebook.com/login.php'),
(2, 4, 'Acme Widgets', '123-123-1234', 'info@axeo.com', '', ''),
(3, 4, 'Client One', '123-123-1234', 'test@test.com', '', ''),
(4, 4, 'Client Two', '123-123-1234', 'test@test.com', '', '');

--
-- Dumping data for table `customer`
--

INSERT INTO `customer` (`id`, `u_id`, `name`, `email`, `phone`) VALUES
(1, 4, 'odin', 'odin@dff.com', '123123123'),
(2, 6, 'axeo', 'odin@df.ddcom', '12309df'),
(3, 4, 'axeo', 'odin@df.com', '123123');

--
-- Dumping data for table `document`
--

INSERT INTO `document` (`id`, `name`, `description`, `content`, `size`, `type`, `created_date`) VALUES
(5, 'test', 'test', 'fileServlet1.pdf', '53.55078125', 'pdf', '2013-11-11'),
(6, 'test', 'test', 'PNG_transparency_demonstration_1.png', '215.634765625', 'png', '2013-11-11'),
(8, 'test1', 'test1', 'NDA - Axeo Systems.pdf', '28.3095703125', 'pdf', '2013-11-18'),
(9, 'test1', 'test1', 'IMG_08112013_094743.png', '603.6298828125', 'png', '2013-11-11'),
(10, 'Test', 'Just Test', 'IMG_13112013_080006.png', '47.296875', 'png', '2013-11-18');

--
-- Dumping data for table `lenders`
--

INSERT INTO `lenders` (`id`, `name`, `phone`) VALUES
(1, 'test', '647326847'),
(2, 'test2', 'dscdvdsv'),
(3, 'best', '4'),
(4, 'dfsd', 'fsdf'),
(5, 'dsffsd', 'sdfdsf'),
(6, 'fdsfds', 'dsfdsf'),
(7, 'dfdsf', 'dsfsdf'),
(8, 'sdfdsf', 'fdsfsd'),
(9, 'fewfsdg', 'dsgd'),
(10, 'fdsf', 'dsfsd');

--
-- Dumping data for table `matters`
--

INSERT INTO `matters` (`id`, `office_id`, `client_id`, `name`, `phone`) VALUES
(1, 4, 1, 'New Home Purchase', ''),
(2, 4, 2, '123 Broadway, re-finance', '123456'),
(3, 4, 2, '456 Elm Street, purchase', ''),
(5, 4, 2, 'Matter 1', ''),
(6, 4, 15, 'Matter 2', ''),
(7, 4, 2, 'Office Lease', '');

--
-- Dumping data for table `offices`
--

INSERT INTO `offices` (`id`, `name`, `admin_id`, `address`, `phone`) VALUES
(4, 'Office Demo', 9, 'Ho Chi Minh', '0977409352'),
(6, 'Ho Chi Minh', 887, 'To Hien Thanh, District 10', '0977409352');

--
-- Dumping data for table `product`
--

INSERT INTO `product` (`id`, `name`) VALUES
(1, 'Samsumg Galaxy S4'),
(2, 'Apple iPad5');

--
-- Dumping data for table `project`
--

INSERT INTO `project` (`id`, `c_id`, `name`, `description`) VALUES
(1, 1, 'project1', 'project1'),
(2, 3, 'AXEO Project #1', 'AXEO Project #1');

--
-- Dumping data for table `role`
--

INSERT INTO `role` (`id`, `office_id`, `name`) VALUES
(4, 4, 'nurse'),
(5, 4, 'Role 1'),
(6, 4, 'Role 2'),
(7, 4, 'Role 3'),
(8, 6, 'Admin');

--
-- Dumping data for table `users`
--

INSERT INTO `users` (`id`, `office_id`, `role_id`, `username`, `password`, `email`, `first_name`, `middle_name`, `last_name`, `phone`, `address`, `skype`, `active`, `level`, `created_time`, `updated_time`) VALUES
(1, 4, NULL, 'super', '0b84fb9daaaa0c9e678f96bfb7b7cffe', 'odin@pwn.so', '', '', '', '', '', '', 1, 3, '0000-00-00 00:00:00', '2013-11-15 11:13:02'),
(3, 4, NULL, 'axeo', '3cd5fb0c0fde42e8cc19a47a9a71c80c', 'info@axeo.com', '', '', '', '', '', '', 1, 2, '2012-12-12 00:32:55', '2013-11-15 11:15:05'),
(4, 2, NULL, 'odin1in', 'f139ed0d19da5ae22c8f3ec22e1cde4a', 'odin@pwn.so', '', '', '', '', '', '', 1, 1, '2012-12-14 02:44:29', '2012-12-24 20:48:46'),
(5, 3, NULL, 'axeo-user', '65479735204726a60ee42124fd851f85', 'info@axeo.com', '', '', '', '', '', '', 1, 1, '2012-12-15 01:46:19', '0000-00-00 00:00:00'),
(6, 2, NULL, 'odin1in1', 'f139ed0d19da5ae22c8f3ec22e1cde4a', 'email@email.ddd', '', '', '', '', '', '', 1, 1, '2012-12-15 02:28:41', '0000-00-00 00:00:00'),
(9, 4, 5, 'demo', 'b4e7080a5effae916ba4357790a7012d', 'demo@demo.com', 'Demo', '', 'Demo', '', '', '', 1, 2, '2013-01-17 12:25:37', '2013-12-04 11:08:23'),
(11, 4, NULL, 'essathy12', '60ac1ffe387f3e889a4c34328da11d1b', 'essathy12@axeo.net', '', '', '', '', '', '', 1, 2, '2013-01-12 12:02:42', '0000-00-00 00:00:00'),
(12, 9, NULL, 'ighting30', '85a9224bb269f2ca5ec57141f37f4008', 'ighting30@axeo.net', '', '', '', '', '', '', 1, 1, '2013-01-12 12:02:42', '0000-00-00 00:00:00'),
(13, 4, NULL, 'ceshtor36', 'ed9e8c216db3a7f4b89215cf6417f60e', 'ceshtor36@axeo.net', '', '', '', '', '', '', 1, 2, '2013-01-12 12:02:42', '0000-00-00 00:00:00'),
(14, 4, NULL, 'rothris59', '81223a3482a3b57fb93443f1931783cf', 'rothris59@axeo.net', '', '', '', '', '', '', 1, 2, '2013-01-12 12:02:42', '0000-00-00 00:00:00'),
(15, 4, NULL, 'draeste91', '593474b191d535e561a613a26dc6217a', 'draeste91@axeo.net', '', '', '', '', '', '', 1, 2, '2013-01-12 12:02:42', '0000-00-00 00:00:00'),
(16, 4, NULL, 'launend33', '32021786442e2469d2353d5e49583522', 'launend33@axeo.net', '', '', '', '', '', '', 1, 2, '2013-01-12 12:02:42', '0000-00-00 00:00:00'),
(17, 4, NULL, 'dintald95', '243e113a959e2e6076a7b22065f5fece', 'dintald95@axeo.net', '', '', '', '', '', '', 1, 2, '2013-01-12 12:02:42', '0000-00-00 00:00:00'),
(18, 4, NULL, 'lorinee95', 'd0b28a91dfb47b6e9f47cfeb2fd3a9aa', 'lorinee95@axeo.net', '', '', '', '', '', '', 1, 2, '2013-01-12 12:02:42', '0000-00-00 00:00:00'),
(19, 4, NULL, 'vesdris47', '563fae60ebdcf0eae9352437f6756389', 'vesdris47@axeo.net', '', '', '', '', '', '', 1, 2, '2013-01-12 12:02:42', '0000-00-00 00:00:00'),
(20, 4, NULL, 'boichat97', 'd04bd3db112c91a37680fba81e5adf8a', 'boichat97@axeo.net', '', '', '', '', '', '', 1, 2, '2013-01-12 12:02:42', '0000-00-00 00:00:00'),
(21, 4, NULL, 'risdnys10', 'bd205fe44d639028da6d852231fb8744', 'risdnys10@axeo.net', '', '', '', '', '', '', 1, 2, '2013-01-12 12:03:25', '0000-00-00 00:00:00'),
(22, 4, NULL, 'ingyqua35', '3999f9fa9b2a2ab7cac20ce3eeec96d6', 'ingyqua35@axeo.net', '', '', '', '', '', '', 1, 2, '2013-01-12 12:03:25', '0000-00-00 00:00:00'),
(23, 4, NULL, 'tausath16', 'a66bd5d0d02c43ec283de2b20bec0689', 'tausath16@axeo.net', '', '', '', '', '', '', 1, 2, '2013-01-12 12:03:25', '0000-00-00 00:00:00'),
(24, 4, NULL, 'braghos80', 'e21747f55c3f14ff4c3d31dc444097ba', 'braghos80@axeo.net', '', '', '', '', '', '', 1, 2, '2013-01-12 12:03:25', '0000-00-00 00:00:00'),
(25, 4, NULL, 'boichat90', 'ef9705ce6c99c8088b9c905d11e73fb4', 'boichat90@axeo.net', '', '', '', '', '', '', 1, 2, '2013-01-12 12:03:25', '0000-00-00 00:00:00'),
(26, 4, NULL, 'yerough43', 'b8e5b628a49fe95bc43d60201e9f2ddb', 'yerough43@axeo.net', '', '', '', '', '', '', 1, 2, '2013-01-12 12:03:25', '0000-00-00 00:00:00'),
(27, 4, NULL, 'ardinei76', '80f6e75a7bb926685a048e3880119a30', 'ardinei76@axeo.net', '', '', '', '', '', '', 1, 2, '2013-01-12 12:03:25', '0000-00-00 00:00:00'),
(28, 4, NULL, 'kauwhon11', '9669716cae43a1c825e04700c5506918', 'kauwhon11@axeo.net', '', '', '', '', '', '', 1, 2, '2013-01-12 12:03:25', '0000-00-00 00:00:00'),
(29, 4, NULL, 'vesdris27', '47f2904534a73bb742896be3b64d6d65', 'vesdris27@axeo.net', '', '', '', '', '', '', 1, 2, '2013-01-12 12:03:25', '0000-00-00 00:00:00'),
(30, 4, NULL, 'tanesto58', '51bd945adfb7b5bb42efef310afa02a9', 'tanesto58@axeo.net', '', '', '', '', '', '', 1, 2, '2013-01-12 12:03:25', '0000-00-00 00:00:00'),
(31, 4, NULL, 'ageight96', 'b7bdaec897d228d7fbe23f522bb5f845', 'ageight96@axeo.net', '', '', '', '', '', '', 1, 2, '2013-01-12 12:03:25', '0000-00-00 00:00:00'),
(32, 4, NULL, 'rarttia24', '434a81539defa1ee07d6cf6f0257c557', 'rarttia24@axeo.net', '', '', '', '', '', '', 1, 2, '2013-01-12 12:03:25', '0000-00-00 00:00:00'),
(33, 4, NULL, 'nysstai93', '7a758a618f2ea8ccac9b058717cefc69', 'nysstai93@axeo.net', '', '', '', '', '', '', 1, 2, '2013-01-12 12:03:25', '0000-00-00 00:00:00'),
(34, 4, NULL, 'radbure21', '18beabccc73368d269b3778501f2baad', 'radbure21@axeo.net', '', '', '', '', '', '', 1, 2, '2013-01-12 12:03:25', '0000-00-00 00:00:00'),
(35, 4, NULL, 'achonas88', '7a91b156d263d6825fb38da6502eaec8', 'achonas88@axeo.net', '', '', '', '', '', '', 1, 2, '2013-01-12 12:03:25', '0000-00-00 00:00:00'),
(36, 4, NULL, 'rarttia12', 'ede5f53d2ba54043d67d1849cd7dc639', 'rarttia12@axeo.net', '', '', '', '', '', '', 1, 2, '2013-01-12 12:03:25', '0000-00-00 00:00:00'),
(37, 4, NULL, 'samiale73', '285ffbcfbdabde23e4fbd844c85614f4', 'samiale73@axeo.net', '', '', '', '', '', '', 1, 2, '2013-01-12 12:03:25', '0000-00-00 00:00:00'),
(38, 4, NULL, 'lorinee98', 'e08f9fbd0e6ba84f73a8bb79dca3e13b', 'lorinee98@axeo.net', '', '', '', '', '', '', 1, 2, '2013-01-12 12:03:25', '0000-00-00 00:00:00'),
(39, 4, NULL, 'turight54', 'fca74fa8df69ecfee028414adba1187e', 'turight54@axeo.net', '', '', '', '', '', '', 1, 2, '2013-01-12 12:03:25', '0000-00-00 00:00:00'),
(40, 4, NULL, 'nalatur59', 'd3f92afad161a12b2e78b76ec3aec1f2', 'nalatur59@axeo.net', '', '', '', '', '', '', 1, 2, '2013-01-12 12:03:25', '0000-00-00 00:00:00'),
(41, 4, NULL, 'reyhage72', '2df0053598456ee80b250127ddbe87f7', 'reyhage72@axeo.net', '', '', '', '', '', '', 1, 2, '2013-01-12 12:03:25', '0000-00-00 00:00:00'),
(42, 4, NULL, 'streell28', '837da21595609ddbadb578d08fde1ec1', 'streell28@axeo.net', '', '', '', '', '', '', 1, 2, '2013-01-12 12:03:25', '0000-00-00 00:00:00'),
(43, 4, NULL, 'charoth29', '91421abb203b1ca67a50f92d4042fdaa', 'charoth29@axeo.net', '', '', '', '', '', '', 1, 2, '2013-01-12 12:03:25', '0000-00-00 00:00:00'),
(44, 4, NULL, 'angther51', 'd0df4ca1bffd577946ed42d9fa0ba6c3', 'angther51@axeo.net', '', '', '', '', '', '', 1, 2, '2013-01-12 12:03:25', '0000-00-00 00:00:00'),
(45, 4, NULL, 'coulild75', 'b46920bfae3e69fbeb2d40b22db14243', 'coulild75@axeo.net', '', '', '', '', '', '', 1, 2, '2013-01-12 12:03:25', '0000-00-00 00:00:00'),
(46, 4, NULL, 'therald66', 'd1a0946a63885eb2ffe54cadcf7d50e5', 'therald66@axeo.net', '', '', '', '', '', '', 1, 2, '2013-01-12 12:03:25', '0000-00-00 00:00:00'),
(47, 4, NULL, 'engnale38', '08dc7c039a75d7e5fd462d60941467b9', 'engnale38@axeo.net', '', '', '', '', '', '', 1, 2, '2013-01-12 12:03:25', '0000-00-00 00:00:00'),
(48, 4, NULL, 'hiniest94', '252bf90fcd65ea2313fa631ea97afa1c', 'hiniest94@axeo.net', '', '', '', '', '', '', 1, 2, '2013-01-12 12:03:25', '0000-00-00 00:00:00'),
(49, 4, NULL, 'ackight32', '6d70fa1456e4b3b50fdd07f31f03954a', 'ackight32@axeo.net', '', '', '', '', '', '', 1, 2, '2013-01-12 12:03:25', '0000-00-00 00:00:00'),
(50, 4, NULL, 'rarttia43', 'a979d23fed7aaa0491347b8ddea51c8d', 'rarttia43@axeo.net', '', '', '', '', '', '', 1, 2, '2013-01-12 12:03:25', '0000-00-00 00:00:00'),
(51, 4, NULL, 'turight66', '44a78ca3fc042db5b3d5176f718f32dc', 'turight66@axeo.net', '', '', '', '', '', '', 1, 2, '2013-01-12 12:03:25', '0000-00-00 00:00:00'),
(52, 4, NULL, 'ineangu61', '0e6f9ca375777c7c5971a892d9015302', 'ineangu61@axeo.net', '', '', '', '', '', '', 1, 2, '2013-01-12 12:03:25', '0000-00-00 00:00:00'),
(53, 4, NULL, 'esstasi86', '7a3cac00afc2d8ed584ea72b11236a9c', 'esstasi86@axeo.net', '', '', '', '', '', '', 1, 2, '2013-01-12 12:03:25', '0000-00-00 00:00:00'),
(54, 4, NULL, 'loiryer20', '7ddf79df88c8e1ccef4731d85ede11a3', 'loiryer20@axeo.net', '', '', '', '', '', '', 1, 2, '2013-01-12 12:03:25', '0000-00-00 00:00:00'),
(55, 4, NULL, 'perdani91', '1c41d9100539d8c85edacfa6c3a1a016', 'perdani91@axeo.net', '', '', '', '', '', '', 1, 2, '2013-01-12 12:03:25', '0000-00-00 00:00:00'),
(56, 4, NULL, 'denayer88', '0d78727deef255439b3617393a5ba0b9', 'denayer88@axeo.net', '', '', '', '', '', '', 1, 2, '2013-01-12 12:03:25', '0000-00-00 00:00:00'),
(57, 4, NULL, 'perhini38', '5e1b6b7c4fa0e6f23ec3137d99a9a07e', 'perhini38@axeo.net', '', '', '', '', '', '', 1, 2, '2013-01-12 12:03:25', '0000-00-00 00:00:00'),
(58, 4, NULL, 'smocker25', 'ee6aa83e2a811ddd7e943a4560e760e5', 'smocker25@axeo.net', '', '', '', '', '', '', 1, 2, '2013-01-12 12:03:25', '0000-00-00 00:00:00'),
(59, 4, NULL, 'kiniach88', 'b2bdae6243aa1c4d7eb5764e151cd301', 'kiniach88@axeo.net', '', '', '', '', '', '', 1, 2, '2013-01-12 12:03:25', '0000-00-00 00:00:00'),
(60, 4, NULL, 'raklang70', '8eeae2670d73182674adcbaf4fe34af4', 'raklang70@axeo.net', '', '', '', '', '', '', 1, 2, '2013-01-12 12:03:25', '0000-00-00 00:00:00'),
(61, 4, NULL, 'ightkal27', '963cd46909d732a241dce76f0bd0785c', 'ightkal27@axeo.net', '', '', '', '', '', '', 1, 2, '2013-01-12 12:03:25', '0000-00-00 00:00:00'),
(62, 4, NULL, 'lorinee11', '9b1bbeaec1b0d53262e598aa6fa42b85', 'lorinee11@axeo.net', '', '', '', '', '', '', 1, 2, '2013-01-12 12:03:25', '0000-00-00 00:00:00'),
(63, 4, NULL, 'felaych32', 'c6dba64969de6e9f2c08fba752d75cc9', 'felaych32@axeo.net', '', '', '', '', '', '', 1, 2, '2013-01-12 12:03:25', '0000-00-00 00:00:00'),
(64, 4, NULL, 'lyeporm91', '39712b5fbc234100042193e88ef2f6ad', 'lyeporm91@axeo.net', '', '', '', '', '', '', 1, 2, '2013-01-12 12:03:25', '0000-00-00 00:00:00'),
(65, 4, NULL, 'crayden26', '0674a33585a41c94503be5a58a51f05e', 'crayden26@axeo.net', '', '', '', '', '', '', 1, 2, '2013-01-12 12:03:25', '0000-00-00 00:00:00'),
(66, 4, NULL, 'toniess26', '5bca5ed6eb7557b2e1e91266cde04436', 'toniess26@axeo.net', '', '', '', '', '', '', 1, 2, '2013-01-12 12:03:25', '0000-00-00 00:00:00'),
(67, 4, NULL, 'dilnsul46', '71a7e5a7cb230c28b1740e90b16bdd30', 'dilnsul46@axeo.net', '', '', '', '', '', '', 1, 2, '2013-01-12 12:03:25', '0000-00-00 00:00:00'),
(68, 4, NULL, 'rothris36', '6e0ec00c0d6e9a22a5cd0f823ff23f2a', 'rothris36@axeo.net', '', '', '', '', '', '', 1, 2, '2013-01-12 12:03:25', '0000-00-00 00:00:00'),
(69, 4, NULL, 'ardinei90', '3494e2ea8e8d0c29b32f0919b2017dbf', 'ardinei90@axeo.net', '', '', '', '', '', '', 1, 2, '2013-01-12 12:03:25', '0000-00-00 00:00:00'),
(70, 4, NULL, 'kintasi25', 'fbc39e42b2c677c5fa35a6dd8725d794', 'kintasi25@axeo.net', '', '', '', '', '', '', 1, 2, '2013-01-12 12:03:25', '0000-00-00 00:00:00'),
(71, 4, NULL, 'rakbest82', '5d94419c0c278c5cfda183787ee46eed', 'rakbest82@axeo.net', '', '', '', '', '', '', 1, 2, '2013-01-12 12:03:25', '0000-00-00 00:00:00'),
(72, 4, NULL, 'rannyem58', '7420ad2db1ca8d8e7b3cd48799b26035', 'rannyem58@axeo.net', '', '', '', '', '', '', 1, 2, '2013-01-12 12:03:25', '0000-00-00 00:00:00'),
(73, 4, NULL, 'vorarad72', 'b91cd573f2f99f00569689f98c7cf5f3', 'vorarad72@axeo.net', '', '', '', '', '', '', 1, 2, '2013-01-12 12:03:25', '0000-00-00 00:00:00'),
(74, 4, NULL, 'geemrod81', '80626c2d849f51053521a7ce38da59c2', 'geemrod81@axeo.net', '', '', '', '', '', '', 1, 2, '2013-01-12 12:03:25', '0000-00-00 00:00:00'),
(75, 4, NULL, 'oughust91', '5b167e559f7c1886115cd2d9dde7ca05', 'oughust91@axeo.net', '', '', '', '', '', '', 1, 2, '2013-01-12 12:03:25', '0000-00-00 00:00:00'),
(76, 4, NULL, 'morsach91', '7c3560aa14598a5ff8d7a581e18b84b1', 'morsach91@axeo.net', '', '', '', '', '', '', 1, 2, '2013-01-12 12:03:25', '0000-00-00 00:00:00'),
(77, 4, NULL, 'rothris41', '54a3237dd2c9320594bffead28325bcf', 'rothris41@axeo.net', '', '', '', '', '', '', 1, 2, '2013-01-12 12:03:25', '0000-00-00 00:00:00'),
(78, 4, NULL, 'ardinei26', '7163ceff13f75984b75b4bd3f624fbde', 'ardinei26@axeo.net', '', '', '', '', '', '', 1, 2, '2013-01-12 12:03:25', '0000-00-00 00:00:00'),
(79, 4, NULL, 'felaych50', '6cfeda936200a34f3501653445456360', 'felaych50@axeo.net', '', '', '', '', '', '', 1, 2, '2013-01-12 12:03:25', '0000-00-00 00:00:00'),
(80, 4, NULL, 'quefrak69', 'f90b0a54cb457a14a33a36b3c30097b9', 'quefrak69@axeo.net', '', '', '', '', '', '', 1, 2, '2013-01-12 12:03:25', '0000-00-00 00:00:00'),
(81, 4, NULL, 'ighting93', '8952a8d45062e2b8652b2cb02da607de', 'ighting93@axeo.net', '', '', '', '', '', '', 1, 2, '2013-01-12 12:03:25', '0000-00-00 00:00:00'),
(82, 4, NULL, 'tondynu25', 'a67a5e1608de2e93519c80aca4d08cec', 'tondynu25@axeo.net', '', '', '', '', '', '', 1, 2, '2013-01-12 12:03:25', '0000-00-00 00:00:00'),
(83, 4, NULL, 'ceulend25', 'c1bcc6f79e6af31f52dcba64b2199e6f', 'ceulend25@axeo.net', '', '', '', '', '', '', 1, 2, '2013-01-12 12:03:25', '0000-00-00 00:00:00'),
(84, 4, NULL, 'mieccer24', '9525b2370073a29536d283f2e465a0b2', 'mieccer24@axeo.net', '', '', '', '', '', '', 1, 2, '2013-01-12 12:03:25', '0000-00-00 00:00:00'),
(85, 4, NULL, 'untaugh50', '01b56c71a215aaee83fb5a06af867fe6', 'untaugh50@axeo.net', '', '', '', '', '', '', 1, 2, '2013-01-12 12:03:25', '0000-00-00 00:00:00'),
(86, 4, NULL, 'rodskel48', '70a9135bd54ebad1b2a8fe6aac2db878', 'rodskel48@axeo.net', '', '', '', '', '', '', 1, 2, '2013-01-12 12:03:25', '0000-00-00 00:00:00'),
(87, 4, NULL, 'tinldyn56', 'd15f7a450cfa1493637b1aac165a7112', 'tinldyn56@axeo.net', '', '', '', '', '', '', 1, 2, '2013-01-12 12:03:25', '0000-00-00 00:00:00'),
(88, 4, NULL, 'banroth94', '3b6e5e473703b0090288ef964d58fe8f', 'banroth94@axeo.net', '', '', '', '', '', '', 1, 2, '2013-01-12 12:03:25', '0000-00-00 00:00:00'),
(89, 4, NULL, 'mieccer69', '2ec2d70995256e7f90c3ab3156a033cf', 'mieccer69@axeo.net', '', '', '', '', '', '', 1, 2, '2013-01-12 12:03:25', '0000-00-00 00:00:00'),
(90, 4, NULL, 'ineangu94', 'f30cb2ab45ac19763d85c83f624bdebb', 'ineangu94@axeo.net', '', '', '', '', '', '', 1, 2, '2013-01-12 12:03:25', '0000-00-00 00:00:00'),
(91, 4, NULL, 'duigtas41', '2073bc6f9ceaf824f3f0e62bccfb62e5', 'duigtas41@axeo.net', '', '', '', '', '', '', 1, 2, '2013-01-12 12:03:25', '0000-00-00 00:00:00'),
(92, 4, NULL, 'ightray31', 'cf8f9a6d45e7aff2d14bb32755638158', 'ightray31@axeo.net', '', '', '', '', '', '', 1, 2, '2013-01-12 12:03:25', '0000-00-00 00:00:00'),
(93, 4, NULL, 'nyimash39', '61da019fa8aaaa0511f589d804971ad4', 'nyimash39@axeo.net', '', '', '', '', '', '', 1, 2, '2013-01-12 12:03:25', '0000-00-00 00:00:00'),
(94, 4, NULL, 'coulild49', 'eafee5fa2712311011d348f09ad8ddb6', 'coulild49@axeo.net', '', '', '', '', '', '', 1, 2, '2013-01-12 12:03:25', '0000-00-00 00:00:00'),
(95, 4, NULL, 'yerocer68', '03da4ab69cdfdeb9a9b9fb1b0d6e71c4', 'yerocer68@axeo.net', '', '', '', '', '', '', 1, 2, '2013-01-12 12:03:25', '0000-00-00 00:00:00'),
(96, 4, NULL, 'essathy60', 'a28925f8965a73ce32daaa83df9eefb1', 'essathy60@axeo.net', '', '', '', '', '', '', 1, 2, '2013-01-12 12:03:25', '0000-00-00 00:00:00'),
(97, 4, NULL, 'denayer18', '1e932fdb73b6885e562d1bce294e5650', 'denayer18@axeo.net', '', '', '', '', '', '', 1, 2, '2013-01-12 12:03:25', '0000-00-00 00:00:00'),
(98, 4, NULL, 'untaugh15', '632a8dc223e05b1ea5554b8c8a9e5a80', 'untaugh15@axeo.net', '', '', '', '', '', '', 1, 2, '2013-01-12 12:03:25', '0000-00-00 00:00:00'),
(99, 4, NULL, 'rodxtia79', '7c2987d5acf0335be3ce4062475589ed', 'rodxtia79@axeo.net', '', '', '', '', '', '', 1, 2, '2013-01-12 12:03:25', '0000-00-00 00:00:00'),
(100, 4, NULL, 'vorusky91', '3a6ba5441e61d4b1c8070d0f2a82b7b3', 'vorusky91@axeo.net', '', '', '', '', '', '', 1, 2, '2013-01-12 12:03:25', '0000-00-00 00:00:00'),
(101, 4, NULL, 'angther72', '2634a49028a5ed985524885d671bcb12', 'angther72@axeo.net', '', '', '', '', '', '', 1, 2, '2013-01-12 12:03:25', '0000-00-00 00:00:00'),
(102, 4, NULL, 'rodskel65', '6401cc1fe0927ad3effef6b7c0b7eced', 'rodskel65@axeo.net', '', '', '', '', '', '', 1, 2, '2013-01-12 12:03:25', '0000-00-00 00:00:00'),
(103, 4, NULL, 'turight88', '91b884be8e1512ab490749fe7e03894e', 'turight88@axeo.net', '', '', '', '', '', '', 1, 2, '2013-01-12 12:03:25', '0000-00-00 00:00:00'),
(104, 4, NULL, 'vorusky23', 'd9036ab0e577dc924da868702f745249', 'vorusky23@axeo.net', '', '', '', '', '', '', 1, 2, '2013-01-12 12:03:25', '0000-00-00 00:00:00'),
(105, 4, NULL, 'kiniach48', 'b1c52a7eca5d21ae4b716b52036a1bbc', 'kiniach48@axeo.net', '', '', '', '', '', '', 1, 2, '2013-01-12 12:03:25', '0000-00-00 00:00:00'),
(106, 4, NULL, 'poehmos84', 'e03d73d8cabaf0202f13210dcd554128', 'poehmos84@axeo.net', '', '', '', '', '', '', 1, 2, '2013-01-12 12:03:25', '0000-00-00 00:00:00'),
(107, 4, NULL, 'goishem16', '97313aa4c374fdf4f49176d795f2531c', 'goishem16@axeo.net', '', '', '', '', '', '', 1, 2, '2013-01-12 12:03:25', '0000-00-00 00:00:00'),
(108, 4, NULL, 'untaugh14', 'd02d67cb9d1bcc96d1a61d9f71795a7e', 'untaugh14@axeo.net', '', '', '', '', '', '', 1, 2, '2013-01-12 12:03:25', '0000-00-00 00:00:00'),
(109, 4, NULL, 'risuiss66', '92f7be3c3199c166f8533126041344c0', 'risuiss66@axeo.net', '', '', '', '', '', '', 1, 2, '2013-01-12 12:03:25', '0000-00-00 00:00:00'),
(110, 4, NULL, 'rilight78', 'ac05aab3d9c17c5a4f2c56cae44229f9', 'rilight78@axeo.net', '', '', '', '', '', '', 1, 2, '2013-01-12 12:03:25', '0000-00-00 00:00:00'),
(111, 4, NULL, 'nyimash24', '5ccbd3f48983e94b19c2eeba5fb42b93', 'nyimash24@axeo.net', '', '', '', '', '', '', 1, 2, '2013-01-12 12:03:25', '0000-00-00 00:00:00'),
(112, 4, NULL, 'achonas85', '00aec05bfc057d45e48edc962818c649', 'achonas85@axeo.net', '', '', '', '', '', '', 1, 2, '2013-01-12 12:03:25', '0000-00-00 00:00:00'),
(113, 4, NULL, 'perdani28', 'fb1bee01ad825787a0fecfe355e15b09', 'perdani28@axeo.net', '', '', '', '', '', '', 1, 2, '2013-01-12 12:03:25', '0000-00-00 00:00:00'),
(114, 4, NULL, 'duigtas18', 'ff251aebd77f368a0dcbf55a0159c137', 'duigtas18@axeo.net', '', '', '', '', '', '', 1, 2, '2013-01-12 12:03:25', '0000-00-00 00:00:00'),
(115, 4, NULL, 'ineangu71', '84e481c4be931363ecb1e5889c1add8f', 'ineangu71@axeo.net', '', '', '', '', '', '', 1, 2, '2013-01-12 12:03:25', '0000-00-00 00:00:00'),
(116, 4, NULL, 'adervor40', '04fe36506fb416b2fb60d6e2e18eba9b', 'adervor40@axeo.net', '', '', '', '', '', '', 1, 2, '2013-01-12 12:03:25', '0000-00-00 00:00:00'),
(117, 4, NULL, 'launend52', '736a5e73460baf6c962db32a6591f10d', 'launend52@axeo.net', '', '', '', '', '', '', 1, 2, '2013-01-12 12:03:25', '0000-00-00 00:00:00'),
(118, 4, NULL, 'launend38', '4055bc118409cba0d5b2b88ff340a1c4', 'launend38@axeo.net', '', '', '', '', '', '', 1, 2, '2013-01-12 12:03:25', '0000-00-00 00:00:00'),
(119, 4, NULL, 'perdani16', '2867188d27b96e5fe5e5a178cdffff6d', 'perdani16@axeo.net', '', '', '', '', '', '', 1, 2, '2013-01-12 12:03:25', '0000-00-00 00:00:00'),
(120, 4, NULL, 'vesdris64', 'ff5146dba820cbfc7b44d8565064e4d4', 'vesdris64@axeo.net', '', '', '', '', '', '', 1, 2, '2013-01-12 12:03:25', '0000-00-00 00:00:00'),
(121, 4, NULL, 'streell73', '59c45a11285b2924dabefc1f20d5aca5', 'streell73@axeo.net', '', '', '', '', '', '', 1, 2, '2013-01-12 12:03:25', '0000-00-00 00:00:00'),
(122, 4, NULL, 'stipeld34', '3c1bf0dc72c0cdb392aca94460844292', 'stipeld34@axeo.net', '', '', '', '', '', '', 1, 2, '2013-01-12 12:03:25', '0000-00-00 00:00:00'),
(123, 4, NULL, 'nalatur15', '3271f6fbc152045119b04d2e96c9712a', 'nalatur15@axeo.net', '', '', '', '', '', '', 1, 2, '2013-01-12 12:03:25', '0000-00-00 00:00:00'),
(124, 4, NULL, 'schiris77', '5719bcc20140b8b800d4c513566ea4e5', 'schiris77@axeo.net', '', '', '', '', '', '', 1, 2, '2013-01-12 12:03:25', '0000-00-00 00:00:00'),
(125, 4, NULL, 'feylkin45', 'f646ebb1375d67f6d16cdea3d4c7c66d', 'feylkin45@axeo.net', '', '', '', '', '', '', 1, 2, '2013-01-12 12:03:25', '0000-00-00 00:00:00'),
(126, 4, NULL, 'oughden95', '7228d5ec5272c2ce6e4932fa5a14a362', 'oughden95@axeo.net', '', '', '', '', '', '', 1, 2, '2013-01-12 12:03:25', '0000-00-00 00:00:00'),
(127, 4, NULL, 'radbure98', '08ab1c2a8cc7c8b64ff7f19877615a3b', 'radbure98@axeo.net', '', '', '', '', '', '', 1, 2, '2013-01-12 12:03:25', '0000-00-00 00:00:00'),
(128, 4, NULL, 'yerocer44', '7c0d4dd62550e2d442b5d557aeaa1847', 'yerocer44@axeo.net', '', '', '', '', '', '', 1, 2, '2013-01-12 12:03:25', '0000-00-00 00:00:00'),
(129, 4, NULL, 'essathy85', '10a28b1e29aecfdde290a0cc0a930c73', 'essathy85@axeo.net', '', '', '', '', '', '', 1, 2, '2013-01-12 12:03:25', '0000-00-00 00:00:00'),
(130, 4, NULL, 'mortoni37', 'c6cc03fe581cf93d1f4127c1a62d7393', 'mortoni37@axeo.net', '', '', '', '', '', '', 1, 2, '2013-01-12 12:03:25', '0000-00-00 00:00:00'),
(131, 4, NULL, 'shentan13', '1e15ffd36acc3e378eb3ba1c03786eeb', 'shentan13@axeo.net', '', '', '', '', '', '', 1, 2, '2013-01-12 12:03:25', '0000-00-00 00:00:00'),
(132, 4, NULL, 'ineangu66', '01a7ff58f603bd138b88898e70263a9d', 'ineangu66@axeo.net', '', '', '', '', '', '', 1, 2, '2013-01-12 12:03:25', '0000-00-00 00:00:00'),
(133, 4, NULL, 'smocker62', 'd6401fc1b561bd154e47e73fb2fca99b', 'smocker62@axeo.net', '', '', '', '', '', '', 1, 2, '2013-01-12 12:03:25', '0000-00-00 00:00:00'),
(134, 4, NULL, 'nyimash62', 'd373c6ee92fb3f9acb0c0a8f3d3f76e8', 'nyimash62@axeo.net', '', '', '', '', '', '', 1, 2, '2013-01-12 12:03:25', '0000-00-00 00:00:00'),
(135, 4, NULL, 'kintasi97', '8397c01c042997011ca00ee20d7a3681', 'kintasi97@axeo.net', '', '', '', '', '', '', 1, 2, '2013-01-12 12:03:25', '0000-00-00 00:00:00'),
(136, 4, NULL, 'lorroth22', '471ffdf411a532e3b0360dd83f326e56', 'lorroth22@axeo.net', '', '', '', '', '', '', 1, 2, '2013-01-12 12:03:25', '0000-00-00 00:00:00'),
(137, 4, NULL, 'kalaeld26', '32b1e09614e76bf7c7675870016fcc38', 'kalaeld26@axeo.net', '', '', '', '', '', '', 1, 2, '2013-01-12 12:03:25', '0000-00-00 00:00:00'),
(138, 4, NULL, 'therald50', 'aa52265adb5d47438bbd2cc740e86a34', 'therald50@axeo.net', '', '', '', '', '', '', 1, 2, '2013-01-12 12:03:25', '0000-00-00 00:00:00'),
(139, 4, NULL, 'adervor38', '37b1767f35e82ad4df0d6180a2801c56', 'adervor38@axeo.net', '', '', '', '', '', '', 1, 2, '2013-01-12 12:03:25', '0000-00-00 00:00:00'),
(140, 4, NULL, 'thryqua92', 'd5122c68dade2618e0b65d26981f48c4', 'thryqua92@axeo.net', '', '', '', '', '', '', 1, 2, '2013-01-12 12:03:25', '0000-00-00 00:00:00'),
(141, 4, NULL, 'bragest35', 'af36696b7684e3616a9d742f0cb6ef51', 'bragest35@axeo.net', '', '', '', '', '', '', 1, 2, '2013-01-12 12:03:25', '0000-00-00 00:00:00'),
(142, 4, NULL, 'boichat84', '48e90327162338e4b0df4eaab8725777', 'boichat84@axeo.net', '', '', '', '', '', '', 1, 2, '2013-01-12 12:03:25', '0000-00-00 00:00:00'),
(143, 4, NULL, 'chroler81', '46966284dec984a06d0ebb9421a176f2', 'chroler81@axeo.net', '', '', '', '', '', '', 1, 2, '2013-01-12 12:03:25', '0000-00-00 00:00:00'),
(144, 4, NULL, 'ustselm25', '5e6091180055c8d3f5fdfc7453ba9d32', 'ustselm25@axeo.net', '', '', '', '', '', '', 1, 2, '2013-01-12 12:03:25', '0000-00-00 00:00:00'),
(145, 4, NULL, 'banroth32', 'd110edd2dee4517819ad8207bd20e73e', 'banroth32@axeo.net', '', '', '', '', '', '', 1, 2, '2013-01-12 12:03:25', '0000-00-00 00:00:00'),
(146, 4, NULL, 'wiartas37', 'cdda917b34868d7c1e0656e9b244e5e1', 'wiartas37@axeo.net', '', '', '', '', '', '', 1, 2, '2013-01-12 12:03:25', '0000-00-00 00:00:00'),
(147, 4, NULL, 'vernban19', 'a9d337b0ff5047d33c7cb56659d5e03b', 'vernban19@axeo.net', '', '', '', '', '', '', 1, 2, '2013-01-12 12:03:25', '0000-00-00 00:00:00'),
(148, 4, NULL, 'yerough95', 'f557d9402407d91511fa6f106a597b61', 'yerough95@axeo.net', '', '', '', '', '', '', 1, 2, '2013-01-12 12:03:25', '0000-00-00 00:00:00'),
(149, 4, NULL, 'yerough87', '45a29a7741291ddbcedff142a64bebf1', 'yerough87@axeo.net', '', '', '', '', '', '', 1, 2, '2013-01-12 12:03:25', '0000-00-00 00:00:00'),
(150, 4, NULL, 'boichat91', '796ea68e943146cb0a604bfe80818058', 'boichat91@axeo.net', '', '', '', '', '', '', 1, 2, '2013-01-12 12:03:25', '0000-00-00 00:00:00'),
(151, 4, NULL, 'percorm35', 'a041abe201a2fee269566c1e6baa709c', 'percorm35@axeo.net', '', '', '', '', '', '', 1, 2, '2013-01-12 12:03:25', '0000-00-00 00:00:00'),
(152, 4, NULL, 'rannyem17', 'f1ee8772abd1077baabcc5da426dc059', 'rannyem17@axeo.net', '', '', '', '', '', '', 1, 2, '2013-01-12 12:03:25', '0000-00-00 00:00:00'),
(153, 4, NULL, 'angther64', '2a3b3179deb4dce5744042720d7744c8', 'angther64@axeo.net', '', '', '', '', '', '', 1, 2, '2013-01-12 12:03:25', '0000-00-00 00:00:00'),
(154, 4, NULL, 'boichat34', 'be63902288096f2451f235be572ff26b', 'boichat34@axeo.net', '', '', '', '', '', '', 1, 2, '2013-01-12 12:03:25', '0000-00-00 00:00:00'),
(155, 4, NULL, 'streell36', '6de6a5aeddd47f6766d2622ed2e87212', 'streell36@axeo.net', '', '', '', '', '', '', 1, 2, '2013-01-12 12:03:25', '0000-00-00 00:00:00'),
(156, 4, NULL, 'toniess79', '0332ebdaa20ed154d3490dd886498382', 'toniess79@axeo.net', '', '', '', '', '', '', 1, 2, '2013-01-12 12:03:25', '0000-00-00 00:00:00'),
(157, 4, NULL, 'oughust65', '8a744753d79058e0952760a0ede0bc09', 'oughust65@axeo.net', '', '', '', '', '', '', 1, 2, '2013-01-12 12:03:25', '0000-00-00 00:00:00'),
(158, 4, NULL, 'ingroth60', '4e6d76b487e4a541b3a24ea9f6874aeb', 'ingroth60@axeo.net', '', '', '', '', '', '', 1, 2, '2013-01-12 12:03:25', '0000-00-00 00:00:00'),
(159, 4, NULL, 'threysh96', 'f0b76377cc2fd4a06954d719499b3e78', 'threysh96@axeo.net', '', '', '', '', '', '', 1, 2, '2013-01-12 12:03:25', '0000-00-00 00:00:00'),
(160, 4, NULL, 'ageight65', 'bdee051e8caf9027ae6dbc2a270211e8', 'ageight65@axeo.net', '', '', '', '', '', '', 1, 2, '2013-01-12 12:03:25', '0000-00-00 00:00:00'),
(161, 4, NULL, 'percorm68', 'fdad50c702389b0e9fcb0f2aef4b6f37', 'percorm68@axeo.net', '', '', '', '', '', '', 1, 2, '2013-01-12 12:03:25', '0000-00-00 00:00:00'),
(162, 4, NULL, 'ustselm47', 'f8ab2629ec62c045b20bbaa6926efaa3', 'ustselm47@axeo.net', '', '', '', '', '', '', 1, 2, '2013-01-12 12:03:25', '0000-00-00 00:00:00'),
(163, 4, NULL, 'perhini21', 'ebdb7a4f2bae86199b35312635972ccd', 'perhini21@axeo.net', '', '', '', '', '', '', 1, 2, '2013-01-12 12:03:25', '0000-00-00 00:00:00'),
(164, 4, NULL, 'nyimash34', '1d54282f1b61ed8728daae73c91d9435', 'nyimash34@axeo.net', '', '', '', '', '', '', 1, 2, '2013-01-12 12:03:25', '0000-00-00 00:00:00'),
(165, 4, NULL, 'cachust70', '8d0969879e766b89b3bae2a339d0b75f', 'cachust70@axeo.net', '', '', '', '', '', '', 1, 2, '2013-01-12 12:03:25', '0000-00-00 00:00:00'),
(166, 4, NULL, 'angther82', '2c8d94080c098764d707cc3a3da474fc', 'angther82@axeo.net', '', '', '', '', '', '', 1, 2, '2013-01-12 12:03:25', '0000-00-00 00:00:00'),
(167, 4, NULL, 'ightray62', 'de507ea4f67bb87c0b591e4b0d558767', 'ightray62@axeo.net', '', '', '', '', '', '', 1, 2, '2013-01-12 12:03:25', '0000-00-00 00:00:00'),
(168, 4, NULL, 'warnhat48', '1e9452bbeccfb9a3baf47f5dc23d10c6', 'warnhat48@axeo.net', '', '', '', '', '', '', 1, 2, '2013-01-12 12:03:25', '0000-00-00 00:00:00'),
(169, 4, NULL, 'toniess53', 'f2bbe13cacf4a6c6e06294c77eff86a9', 'toniess53@axeo.net', '', '', '', '', '', '', 1, 2, '2013-01-12 12:03:25', '0000-00-00 00:00:00'),
(170, 4, NULL, 'kauwhon64', 'c3b631e59fb897a10c3f029b7a56b0eb', 'kauwhon64@axeo.net', '', '', '', '', '', '', 1, 2, '2013-01-12 12:03:25', '0000-00-00 00:00:00'),
(171, 4, NULL, 'samrily50', 'ba249dc6b75a6932b32a0ee0c5d6af71', 'samrily50@axeo.net', '', '', '', '', '', '', 1, 2, '2013-01-12 12:03:25', '0000-00-00 00:00:00'),
(172, 4, NULL, 'mieccer62', '9ccc09f41cdbd140bac70796deeeaf3e', 'mieccer62@axeo.net', '', '', '', '', '', '', 1, 2, '2013-01-12 12:03:25', '0000-00-00 00:00:00'),
(173, 4, NULL, 'nysstai80', 'd316eac418ac6b7561e41aa60737f8b1', 'nysstai80@axeo.net', '', '', '', '', '', '', 1, 2, '2013-01-12 12:03:25', '0000-00-00 00:00:00'),
(174, 4, NULL, 'torccer38', 'b626535ef6fb98b39a087e6a3e5828d6', 'torccer38@axeo.net', '', '', '', '', '', '', 1, 2, '2013-01-12 12:03:25', '0000-00-00 00:00:00'),
(175, 4, NULL, 'ustorme92', '355978e6848af930c9b970e0c4463d71', 'ustorme92@axeo.net', '', '', '', '', '', '', 1, 2, '2013-01-12 12:03:25', '0000-00-00 00:00:00'),
(176, 4, NULL, 'jeawang51', '74a723a1e780919befad3c5bb5d2f8c4', 'jeawang51@axeo.net', '', '', '', '', '', '', 1, 2, '2013-01-12 12:03:25', '0000-00-00 00:00:00'),
(177, 4, NULL, 'cindeld96', 'e9b8824d8c8bb82a91539bc2f96ae12a', 'cindeld96@axeo.net', '', '', '', '', '', '', 1, 2, '2013-01-12 12:03:25', '0000-00-00 00:00:00'),
(178, 4, NULL, 'dintald38', '177b686092f04e4cac62d57521bfb71b', 'dintald38@axeo.net', '', '', '', '', '', '', 1, 2, '2013-01-12 12:03:25', '0000-00-00 00:00:00'),
(179, 4, NULL, 'thernya74', '56b928cadb6a51a36b71cfc740130864', 'thernya74@axeo.net', '', '', '', '', '', '', 1, 2, '2013-01-12 12:03:25', '0000-00-00 00:00:00'),
(180, 4, NULL, 'ardinei86', 'bfb34389b9e4f744a3dede70db299e71', 'ardinei86@axeo.net', '', '', '', '', '', '', 1, 2, '2013-01-12 12:03:25', '0000-00-00 00:00:00'),
(181, 4, NULL, 'kyustum74', '59d86e7aa75e6a9c4e87863bd5f934ff', 'kyustum74@axeo.net', '', '', '', '', '', '', 1, 2, '2013-01-12 12:03:25', '0000-00-00 00:00:00'),
(182, 4, NULL, 'threysh74', '8b8e74396f739f9c74564bf91c250c38', 'threysh74@axeo.net', '', '', '', '', '', '', 1, 2, '2013-01-12 12:03:25', '0000-00-00 00:00:00'),
(183, 4, NULL, 'usteina67', '42cdc56b60e858743471f397cd613ceb', 'usteina67@axeo.net', '', '', '', '', '', '', 1, 2, '2013-01-12 12:03:25', '0000-00-00 00:00:00'),
(184, 4, NULL, 'daninea49', '0c30383d3c23b23698c232880dbfabea', 'daninea49@axeo.net', '', '', '', '', '', '', 1, 2, '2013-01-12 12:03:25', '0000-00-00 00:00:00'),
(185, 4, NULL, 'vesxrod56', 'cbdf15526063d2ecb7d1e31451b97c5a', 'vesxrod56@axeo.net', '', '', '', '', '', '', 1, 2, '2013-01-12 12:03:25', '0000-00-00 00:00:00'),
(186, 4, NULL, 'morsach35', 'abff0b2b6edccf5dc7036dc0d480fafb', 'morsach35@axeo.net', '', '', '', '', '', '', 1, 2, '2013-01-12 12:03:25', '0000-00-00 00:00:00'),
(187, 4, NULL, 'athusky15', 'aad0d5d9d6bcacee10d1004eb79c5fea', 'athusky15@axeo.net', '', '', '', '', '', '', 1, 2, '2013-01-12 12:03:25', '0000-00-00 00:00:00'),
(188, 4, NULL, 'mos-dar82', 'e787afcfb0dd670d7b3293d667028b4b', 'mos-dar82@axeo.net', '', '', '', '', '', '', 1, 2, '2013-01-12 12:03:25', '0000-00-00 00:00:00'),
(189, 4, NULL, 'agexrod64', 'e7e8f8a0d1ba45b3f828417d79641775', 'agexrod64@axeo.net', '', '', '', '', '', '', 1, 2, '2013-01-12 12:03:25', '0000-00-00 00:00:00'),
(190, 4, NULL, 'gyimnys51', '4a65cd4264f6d561930af9ee47a62983', 'gyimnys51@axeo.net', '', '', '', '', '', '', 1, 2, '2013-01-12 12:03:25', '0000-00-00 00:00:00'),
(191, 4, NULL, 'mosedar86', '8978e9e2abb846a63ec16ab06aa5e0bd', 'mosedar86@axeo.net', '', '', '', '', '', '', 1, 2, '2013-01-12 12:03:25', '0000-00-00 00:00:00'),
(192, 4, NULL, 'nalald17', '3c95aabe6b288a2be42038f54a11561b', 'nalald17@axeo.net', '', '', '', '', '', '', 1, 2, '2013-01-12 12:03:25', '0000-00-00 00:00:00'),
(193, 4, NULL, 'crayden32', '33a3007a7693053510eac44490c8f725', 'crayden32@axeo.net', '', '', '', '', '', '', 1, 2, '2013-01-12 12:03:25', '0000-00-00 00:00:00'),
(194, 4, NULL, 'angther39', 'dfdc1845e1473d1fd355682657294289', 'angther39@axeo.net', '', '', '', '', '', '', 1, 2, '2013-01-12 12:03:25', '0000-00-00 00:00:00'),
(195, 4, NULL, 'rothris77', '591884087eaf549bc54d38db6618ffa8', 'rothris77@axeo.net', '', '', '', '', '', '', 1, 2, '2013-01-12 12:03:25', '0000-00-00 00:00:00'),
(196, 4, NULL, 'braghos77', '3c9a7ea3663697c2ba97217b2aa08bfa', 'braghos77@axeo.net', '', '', '', '', '', '', 1, 2, '2013-01-12 12:03:25', '0000-00-00 00:00:00'),
(197, 4, NULL, 'engnyer15', 'd195adca3bbbc1ea877d787f8a052af4', 'engnyer15@axeo.net', '', '', '', '', '', '', 1, 2, '2013-01-12 12:03:25', '0000-00-00 00:00:00'),
(198, 4, NULL, 'kyustum78', '2d176c3f8f803fd8042e47611ffc52d1', 'kyustum78@axeo.net', '', '', '', '', '', '', 1, 2, '2013-01-12 12:03:25', '0000-00-00 00:00:00'),
(199, 4, NULL, 'yerocer16', 'e3bafc4d1bf2c6892bb727848102afd4', 'yerocer16@axeo.net', '', '', '', '', '', '', 1, 2, '2013-01-12 12:03:25', '0000-00-00 00:00:00'),
(200, 4, NULL, 'tausath86', '1c464495c93f96f7eccd2dbdc28cfffc', 'tausath86@axeo.net', '', '', '', '', '', '', 1, 2, '2013-01-12 12:03:25', '0000-00-00 00:00:00'),
(201, 4, NULL, 'streell31', 'a47fcca0fd020e6487da10927b97e1cb', 'streell31@axeo.net', '', '', '', '', '', '', 1, 2, '2013-01-12 12:03:25', '0000-00-00 00:00:00'),
(202, 4, NULL, 'vesdris85', '87736845b246940be11716b51d7e29cc', 'vesdris85@axeo.net', '', '', '', '', '', '', 1, 2, '2013-01-12 12:03:25', '0000-00-00 00:00:00'),
(203, 4, NULL, 'reyhage40', '0886ffe3b622484460847a51836576e2', 'reyhage40@axeo.net', '', '', '', '', '', '', 1, 2, '2013-01-12 12:03:25', '0000-00-00 00:00:00'),
(204, 4, NULL, 'nalnalo70', '61ed2f143f245f5a9565d89f6a2cd6be', 'nalnalo70@axeo.net', '', '', '', '', '', '', 1, 2, '2013-01-12 12:03:25', '0000-00-00 00:00:00'),
(205, 4, NULL, 'tanesto93', '15c4f708db51ca85bf9b4fb20a8cc9ff', 'tanesto93@axeo.net', '', '', '', '', '', '', 1, 2, '2013-01-12 12:03:25', '0000-00-00 00:00:00'),
(206, 4, NULL, 'geemrod23', '7beb65b1113495b1efb42d47b6ec5e07', 'geemrod23@axeo.net', '', '', '', '', '', '', 1, 2, '2013-01-12 12:03:25', '0000-00-00 00:00:00'),
(207, 4, NULL, 'goishem35', '437ec5b555a08c447919a3048922d080', 'goishem35@axeo.net', '', '', '', '', '', '', 1, 2, '2013-01-12 12:03:25', '0000-00-00 00:00:00'),
(208, 4, NULL, 'cindeld56', '25183d06e3a5bd1ab1e4cd8e89b7926c', 'cindeld56@axeo.net', '', '', '', '', '', '', 1, 2, '2013-01-12 12:03:25', '0000-00-00 00:00:00'),
(209, 4, NULL, 'thryqua11', '70f776219e83d9864beb1df1b0405793', 'thryqua11@axeo.net', '', '', '', '', '', '', 1, 2, '2013-01-12 12:03:25', '0000-00-00 00:00:00'),
(210, 4, NULL, 'smocker66', 'de7ddbc4b3d5d1d43be803495344e0f5', 'smocker66@axeo.net', '', '', '', '', '', '', 1, 2, '2013-01-12 12:03:25', '0000-00-00 00:00:00'),
(211, 4, NULL, 'thernya12', '1382ac53043f7eb8507cc1e1d916fea4', 'thernya12@axeo.net', '', '', '', '', '', '', 1, 2, '2013-01-12 12:03:25', '0000-00-00 00:00:00'),
(212, 4, NULL, 'braghos44', 'b899873bb441761d09ac802e7603b1f5', 'braghos44@axeo.net', '', '', '', '', '', '', 1, 2, '2013-01-12 12:03:25', '0000-00-00 00:00:00'),
(213, 4, NULL, 'essathy91', '3e720a567f9aede142c5f7ff5e408e97', 'essathy91@axeo.net', '', '', '', '', '', '', 1, 2, '2013-01-12 12:03:25', '0000-00-00 00:00:00'),
(214, 4, NULL, 'risdnys12', 'c0d63f5e079ba16a34244c27aa945579', 'risdnys12@axeo.net', '', '', '', '', '', '', 1, 2, '2013-01-12 12:03:25', '0000-00-00 00:00:00'),
(215, 4, NULL, 'radbure91', '7d9f93fb5804e7b5f8ab5ef655a0bab5', 'radbure91@axeo.net', '', '', '', '', '', '', 1, 2, '2013-01-12 12:03:25', '0000-00-00 00:00:00'),
(216, 4, NULL, 'usteina73', '76d0b340fabffe187b0ae27be2d806df', 'usteina73@axeo.net', '', '', '', '', '', '', 1, 2, '2013-01-12 12:03:25', '0000-00-00 00:00:00'),
(217, 4, NULL, 'ackight61', '2340ff3e013d1e2f9a391ff0eb21f1d2', 'ackight61@axeo.net', '', '', '', '', '', '', 1, 2, '2013-01-12 12:03:25', '0000-00-00 00:00:00'),
(218, 4, NULL, 'torccer11', '9527dc41178c14b1be4c4b3a28e031c5', 'torccer11@axeo.net', '', '', '', '', '', '', 1, 2, '2013-01-12 12:03:25', '0000-00-00 00:00:00'),
(219, 4, NULL, 'draeste40', '4c6dd689626bd73e88b2097c621986e2', 'draeste40@axeo.net', '', '', '', '', '', '', 1, 2, '2013-01-12 12:03:25', '0000-00-00 00:00:00'),
(220, 4, NULL, 'rodxtia47', '358f8b7473fc716e0beec3dd9f78ad2b', 'rodxtia47@axeo.net', '', '', '', '', '', '', 1, 2, '2013-01-12 12:03:25', '0000-00-00 00:00:00'),
(221, 4, NULL, 'ingroth59', '196a90717474534992c219f8f2ab406d', 'ingroth59@axeo.net', '', '', '', '', '', '', 1, 2, '2013-01-12 12:03:25', '0000-00-00 00:00:00'),
(222, 4, NULL, 'risdnys28', '8f19354d1d30a87151e919e58c53b21c', 'risdnys28@axeo.net', '', '', '', '', '', '', 1, 2, '2013-01-12 12:03:25', '0000-00-00 00:00:00'),
(223, 4, NULL, 'percorm42', '9b7bb64f969a65eca2133997f316b8ef', 'percorm42@axeo.net', '', '', '', '', '', '', 1, 2, '2013-01-12 12:03:25', '0000-00-00 00:00:00'),
(224, 4, NULL, 'dynawar94', 'c5bc0fef58d2c569f984aaeb5f398020', 'dynawar94@axeo.net', '', '', '', '', '', '', 1, 2, '2013-01-12 12:03:25', '0000-00-00 00:00:00'),
(225, 4, NULL, 'braghos74', '60db3a8dff11ce9835d30eadf0a4f4bd', 'braghos74@axeo.net', '', '', '', '', '', '', 1, 2, '2013-01-12 12:03:25', '0000-00-00 00:00:00'),
(226, 4, NULL, 'loiryer36', '19a248c20bdb1ee2d9f74708aa1aea59', 'loiryer36@axeo.net', '', '', '', '', '', '', 1, 2, '2013-01-12 12:03:25', '0000-00-00 00:00:00'),
(227, 4, NULL, 'risuiss17', '387517fb1fd56dc94627733bd035b056', 'risuiss17@axeo.net', '', '', '', '', '', '', 1, 2, '2013-01-12 12:03:25', '0000-00-00 00:00:00'),
(228, 4, NULL, 'thernya46', 'a2c9cd00ebbd204e48c2ac3686011aef', 'thernya46@axeo.net', '', '', '', '', '', '', 1, 2, '2013-01-12 12:03:25', '0000-00-00 00:00:00'),
(229, 4, NULL, 'brischa44', '6417c420a3f9eac21cba56708633684f', 'brischa44@axeo.net', '', '', '', '', '', '', 1, 2, '2013-01-12 12:03:25', '0000-00-00 00:00:00'),
(230, 4, NULL, 'essohin57', 'cbf9673f98ec778e4f3199c2228531a8', 'essohin57@axeo.net', '', '', '', '', '', '', 1, 2, '2013-01-12 12:03:25', '0000-00-00 00:00:00'),
(231, 4, NULL, 'tausath89', '7f719b473ac0da0dab960c52490d26bb', 'tausath89@axeo.net', '', '', '', '', '', '', 1, 2, '2013-01-12 12:03:25', '0000-00-00 00:00:00'),
(232, 4, NULL, 'mortoni62', '0007d26c44663aac5635127338132e54', 'mortoni62@axeo.net', '', '', '', '', '', '', 1, 2, '2013-01-12 12:03:25', '0000-00-00 00:00:00'),
(233, 4, NULL, 'resavah93', '33cdd4ed89394452bc7c86266218ae36', 'resavah93@axeo.net', '', '', '', '', '', '', 1, 2, '2013-01-12 12:03:25', '0000-00-00 00:00:00'),
(234, 4, NULL, 'nyimash56', '987a79e336588a3bd93e8def5160aa13', 'nyimash56@axeo.net', '', '', '', '', '', '', 1, 2, '2013-01-12 12:03:25', '0000-00-00 00:00:00'),
(235, 4, NULL, 'toniess87', '6e013a2d0e99e4e4e7fd61431149c81c', 'toniess87@axeo.net', '', '', '', '', '', '', 1, 2, '2013-01-12 12:03:25', '0000-00-00 00:00:00'),
(236, 4, NULL, 'toniess72', '7e5395f7b5c2d0f6feb8308350bb424b', 'toniess72@axeo.net', '', '', '', '', '', '', 1, 2, '2013-01-12 12:03:25', '0000-00-00 00:00:00'),
(237, 4, NULL, 'mosyina68', '76574a5e6ad9cb395dfa0fcc89ee30d5', 'mosyina68@axeo.net', '', '', '', '', '', '', 1, 2, '2013-01-12 12:03:25', '0000-00-00 00:00:00'),
(238, 4, NULL, 'achonas83', 'b1f8a2ffcd5381dd11e07f8617364427', 'achonas83@axeo.net', '', '', '', '', '', '', 1, 2, '2013-01-12 12:03:25', '0000-00-00 00:00:00'),
(239, 4, NULL, 'engnale26', '858a81f1d8acb42bbefd15b9b6be47de', 'engnale26@axeo.net', '', '', '', '', '', '', 1, 2, '2013-01-12 12:03:25', '0000-00-00 00:00:00'),
(240, 4, NULL, 'smocker58', '929b52cfa8d38c5855f9a6e1c71565b0', 'smocker58@axeo.net', '', '', '', '', '', '', 1, 2, '2013-01-12 12:03:25', '0000-00-00 00:00:00'),
(241, 4, NULL, 'loiryer89', '4fc71dd164778a194a35bfffe59ceecf', 'loiryer89@axeo.net', '', '', '', '', '', '', 1, 2, '2013-01-12 12:03:25', '0000-00-00 00:00:00'),
(242, 4, NULL, 'crayden29', 'f10754173c4a2b71367f8809ea207d02', 'crayden29@axeo.net', '', '', '', '', '', '', 1, 2, '2013-01-12 12:03:25', '0000-00-00 00:00:00'),
(243, 4, NULL, 'raklang16', 'a612a656c0156cb2cfe67bbc9b96da69', 'raklang16@axeo.net', '', '', '', '', '', '', 1, 2, '2013-01-12 12:03:25', '0000-00-00 00:00:00'),
(244, 4, NULL, 'rannyem56', '00e17607f6db7960e2e676534a91d7ce', 'rannyem56@axeo.net', '', '', '', '', '', '', 1, 2, '2013-01-12 12:03:25', '0000-00-00 00:00:00'),
(245, 4, NULL, 'hindrad66', 'fbb24506eab52206d133299243b4ae40', 'hindrad66@axeo.net', '', '', '', '', '', '', 1, 2, '2013-01-12 12:03:25', '0000-00-00 00:00:00'),
(246, 4, NULL, 'resavah90', '81a67f6b36555b2482a790d4969ce704', 'resavah90@axeo.net', '', '', '', '', '', '', 1, 2, '2013-01-12 12:03:25', '0000-00-00 00:00:00'),
(247, 4, NULL, 'stipeld85', 'f96815b089a75ca0b3ad5c3a32a80d18', 'stipeld85@axeo.net', '', '', '', '', '', '', 1, 2, '2013-01-12 12:03:25', '0000-00-00 00:00:00'),
(248, 4, NULL, 'morsach73', '1f69dcb34e0930a923322e24d3e6a848', 'morsach73@axeo.net', '', '', '', '', '', '', 1, 2, '2013-01-12 12:03:25', '0000-00-00 00:00:00'),
(249, 4, NULL, 'athusky16', '651a15f992f89a221568420d168189ee', 'athusky16@axeo.net', '', '', '', '', '', '', 1, 2, '2013-01-12 12:03:25', '0000-00-00 00:00:00'),
(250, 4, NULL, 'torccer27', 'eba79ba033c9e978b9e4257680f4fdd0', 'torccer27@axeo.net', '', '', '', '', '', '', 1, 2, '2013-01-12 12:03:25', '0000-00-00 00:00:00'),
(251, 4, NULL, 'lorroth37', '1c94f2358d195b8ffc7c33d71a31dbe6', 'lorroth37@axeo.net', '', '', '', '', '', '', 1, 2, '2013-01-12 12:03:25', '0000-00-00 00:00:00'),
(252, 4, NULL, 'vesdris92', '7f70783834778057940fc9b2fed64500', 'vesdris92@axeo.net', '', '', '', '', '', '', 1, 2, '2013-01-12 12:03:25', '0000-00-00 00:00:00'),
(253, 4, NULL, 'lyeporm93', 'c3f5e5be797f6101937ddefbc3f53530', 'lyeporm93@axeo.net', '', '', '', '', '', '', 1, 2, '2013-01-12 12:03:25', '0000-00-00 00:00:00'),
(254, 4, NULL, 'thuason21', 'b76848cf5ba10ea471a31e3009d2ba13', 'thuason21@axeo.net', '', '', '', '', '', '', 1, 2, '2013-01-12 12:03:25', '0000-00-00 00:00:00'),
(255, 4, NULL, 'boichat14', 'cd8175f3a7dd846a9ee52cbc3285ca07', 'boichat14@axeo.net', '', '', '', '', '', '', 1, 2, '2013-01-12 12:03:25', '0000-00-00 00:00:00'),
(256, 4, NULL, 'taitild62', 'b392b13ead9d8ac5c90b378fcdb3b5e3', 'taitild62@axeo.net', '', '', '', '', '', '', 1, 2, '2013-01-12 12:03:25', '0000-00-00 00:00:00'),
(257, 4, NULL, 'yerough16', '8fc5ce6d2f2cb81e01a20ed5525559f5', 'yerough16@axeo.net', '', '', '', '', '', '', 1, 2, '2013-01-12 12:03:25', '0000-00-00 00:00:00'),
(258, 4, NULL, 'geemrod51', '40d5a363aefe3ce7cb7e9e5ee77062b5', 'geemrod51@axeo.net', '', '', '', '', '', '', 1, 2, '2013-01-12 12:03:25', '0000-00-00 00:00:00'),
(259, 4, NULL, 'wiartas60', '89c9579ddb0e953f85f4c1566da60965', 'wiartas60@axeo.net', '', '', '', '', '', '', 1, 2, '2013-01-12 12:03:25', '0000-00-00 00:00:00'),
(260, 4, NULL, 'skelton25', '4b856c5d3d561cab23f89c02a366711c', 'skelton25@axeo.net', '', '', '', '', '', '', 1, 2, '2013-01-12 12:03:25', '0000-00-00 00:00:00'),
(261, 4, NULL, 'thryqua10', 'bc1e10a88efc26178cc141bf4b865073', 'thryqua10@axeo.net', '', '', '', '', '', '', 1, 2, '2013-01-12 12:03:25', '0000-00-00 00:00:00'),
(262, 4, NULL, 'ageight87', '1fffa8d02f52b1930026e7584e7202cb', 'ageight87@axeo.net', '', '', '', '', '', '', 1, 2, '2013-01-12 12:03:25', '0000-00-00 00:00:00'),
(263, 4, NULL, 'shentan19', '0235e92e51c4d89354a627c0a1adfef9', 'shentan19@axeo.net', '', '', '', '', '', '', 1, 2, '2013-01-12 12:03:25', '0000-00-00 00:00:00'),
(264, 4, NULL, 'duanper41', '529c570b317b331b770f231b868898a4', 'duanper41@axeo.net', '', '', '', '', '', '', 1, 2, '2013-01-12 12:03:25', '0000-00-00 00:00:00'),
(265, 4, NULL, 'jeawang41', '1307ec148537cb747a915abb48b4bab5', 'jeawang41@axeo.net', '', '', '', '', '', '', 1, 2, '2013-01-12 12:03:25', '0000-00-00 00:00:00'),
(266, 4, NULL, 'dintald34', 'cb20c4c3fc9843b04093f8354031a5ce', 'dintald34@axeo.net', '', '', '', '', '', '', 1, 2, '2013-01-12 12:03:25', '0000-00-00 00:00:00'),
(267, 4, NULL, 'kinugar61', '67c59ac46890d77ba1b460a34613e69e', 'kinugar61@axeo.net', '', '', '', '', '', '', 1, 2, '2013-01-12 12:03:25', '0000-00-00 00:00:00'),
(268, 4, NULL, 'shentan79', '1d8ad0c949387ce07ef79617f58c81ba', 'shentan79@axeo.net', '', '', '', '', '', '', 1, 2, '2013-01-12 12:03:25', '0000-00-00 00:00:00'),
(269, 4, NULL, 'rilight16', '8297c1d37f03e93525b7618cd36c2a98', 'rilight16@axeo.net', '', '', '', '', '', '', 1, 2, '2013-01-12 12:03:25', '0000-00-00 00:00:00'),
(270, 4, NULL, 'cindeld25', '52a73f2a0f7c995c97f9ea001c27052b', 'cindeld25@axeo.net', '', '', '', '', '', '', 1, 2, '2013-01-12 12:03:25', '0000-00-00 00:00:00'),
(271, 4, NULL, 'turight21', 'e7f9f95834d72dd26790973e062bad2c', 'turight21@axeo.net', '', '', '', '', '', '', 1, 2, '2013-01-12 12:03:25', '0000-00-00 00:00:00'),
(272, 4, NULL, 'oughden14', '17c0d4278bae1d39fb18c144ab7d147b', 'oughden14@axeo.net', '', '', '', '', '', '', 1, 2, '2013-01-12 12:03:25', '0000-00-00 00:00:00'),
(273, 4, NULL, 'thryqua20', '395ef71ed4667fa5efe86de2c72f1ae0', 'thryqua20@axeo.net', '', '', '', '', '', '', 1, 2, '2013-01-12 12:03:25', '0000-00-00 00:00:00'),
(274, 4, NULL, 'felaych40', 'a2f4921a8febf8ac4700d9445089b886', 'felaych40@axeo.net', '', '', '', '', '', '', 1, 2, '2013-01-12 12:03:25', '0000-00-00 00:00:00'),
(275, 4, NULL, 'hoosdan53', 'f9cc2d9238a3aef3adb479bf63b3c368', 'hoosdan53@axeo.net', '', '', '', '', '', '', 1, 2, '2013-01-12 12:03:25', '0000-00-00 00:00:00'),
(276, 4, NULL, 'tondynu50', 'c4b6b174ed3012ce63edfd7fe9edfcbf', 'tondynu50@axeo.net', '', '', '', '', '', '', 1, 2, '2013-01-12 12:03:25', '0000-00-00 00:00:00'),
(277, 4, NULL, 'lychust74', '76c8c8a379ef095a19b1aea80dc31131', 'lychust74@axeo.net', '', '', '', '', '', '', 1, 2, '2013-01-12 12:03:25', '0000-00-00 00:00:00'),
(278, 4, NULL, 'mosedar15', '926dca36fd1abf2382345a734bbf9b42', 'mosedar15@axeo.net', '', '', '', '', '', '', 1, 2, '2013-01-12 12:03:25', '0000-00-00 00:00:00'),
(279, 4, NULL, 'ackight49', '6f94e2243633206feb5ef2121aa7760e', 'ackight49@axeo.net', '', '', '', '', '', '', 1, 2, '2013-01-12 12:03:25', '0000-00-00 00:00:00'),
(280, 4, NULL, 'risuiss23', 'aae9cc1e0e0ae200dc2146b0e8572aab', 'risuiss23@axeo.net', '', '', '', '', '', '', 1, 2, '2013-01-12 12:03:25', '0000-00-00 00:00:00'),
(281, 4, NULL, 'rilvore56', 'af22d605b3d1af25d2518c85b5507781', 'rilvore56@axeo.net', '', '', '', '', '', '', 1, 2, '2013-01-12 12:03:25', '0000-00-00 00:00:00'),
(282, 4, NULL, 'tondynu63', '601e07197e8553e2728fc1722d0508b6', 'tondynu63@axeo.net', '', '', '', '', '', '', 1, 2, '2013-01-12 12:03:25', '0000-00-00 00:00:00'),
(283, 4, NULL, 'ightray26', 'e3b2fb09790e83ab72d2d415ce9e92b4', 'ightray26@axeo.net', '', '', '', '', '', '', 1, 2, '2013-01-12 12:03:25', '0000-00-00 00:00:00'),
(284, 4, NULL, 'warcere61', 'da5cab1663b8e9eee693e08a3eef2f2d', 'warcere61@axeo.net', '', '', '', '', '', '', 1, 2, '2013-01-12 12:03:26', '0000-00-00 00:00:00'),
(285, 4, NULL, 'lerolda84', 'ae197d304ed3d50c7f4eed51f85c1312', 'lerolda84@axeo.net', '', '', '', '', '', '', 1, 2, '2013-01-12 12:03:26', '0000-00-00 00:00:00'),
(286, 4, NULL, 'tondynu42', '374e10a96d80b37e35f31d5c6ea75f31', 'tondynu42@axeo.net', '', '', '', '', '', '', 1, 2, '2013-01-12 12:03:26', '0000-00-00 00:00:00'),
(287, 4, NULL, 'ighting16', '025eeeb02ba989106fa3aaab80907ee1', 'ighting16@axeo.net', '', '', '', '', '', '', 1, 2, '2013-01-12 12:03:26', '0000-00-00 00:00:00'),
(288, 4, NULL, 'threysh75', '8e86f40f4ffafa132785856b4d076ea9', 'threysh75@axeo.net', '', '', '', '', '', '', 1, 2, '2013-01-12 12:03:26', '0000-00-00 00:00:00'),
(289, 4, NULL, 'boichat16', '23b625577b76347e8ba846f21d0bbd43', 'boichat16@axeo.net', '', '', '', '', '', '', 1, 2, '2013-01-12 12:03:26', '0000-00-00 00:00:00'),
(290, 4, NULL, 'ustorme50', '7fcf5095d4720f2cbc29ffa1ee748c7f', 'ustorme50@axeo.net', '', '', '', '', '', '', 1, 2, '2013-01-12 12:03:26', '0000-00-00 00:00:00'),
(291, 4, NULL, 'vorusky36', 'b146fcae7a31ea20dfb8efd27a548894', 'vorusky36@axeo.net', '', '', '', '', '', '', 1, 2, '2013-01-12 12:03:26', '0000-00-00 00:00:00'),
(292, 4, NULL, 'risdnys26', '97669d7379000c20931c1b0527c71a48', 'risdnys26@axeo.net', '', '', '', '', '', '', 1, 2, '2013-01-12 12:03:26', '0000-00-00 00:00:00'),
(293, 4, NULL, 'nalald41', '0607c72c996c4af8c15577e43d796c45', 'nalald41@axeo.net', '', '', '', '', '', '', 1, 2, '2013-01-12 12:03:26', '0000-00-00 00:00:00'),
(294, 4, NULL, 'streell46', '9484737594d7f92bfbb5c82e7c3db6cc', 'streell46@axeo.net', '', '', '', '', '', '', 1, 2, '2013-01-12 12:03:26', '0000-00-00 00:00:00'),
(295, 4, NULL, 'daninea30', '0390548d40b8579f2ba9cb6f8693a1b0', 'daninea30@axeo.net', '', '', '', '', '', '', 1, 2, '2013-01-12 12:03:26', '0000-00-00 00:00:00'),
(296, 4, NULL, 'vorusky74', '01c657953e59216b0792465c9ad306de', 'vorusky74@axeo.net', '', '', '', '', '', '', 1, 2, '2013-01-12 12:03:26', '0000-00-00 00:00:00'),
(297, 4, NULL, 'schiris59', '466cffb62aaa6aee69e7695e7d110ac2', 'schiris59@axeo.net', '', '', '', '', '', '', 1, 2, '2013-01-12 12:03:26', '0000-00-00 00:00:00'),
(298, 4, NULL, 'loiryer46', 'a83770d7415ac9e2150a4140e33b9b94', 'loiryer46@axeo.net', '', '', '', '', '', '', 1, 2, '2013-01-12 12:03:26', '0000-00-00 00:00:00'),
(299, 4, NULL, 'ageight84', '49ac0f36a26fbd53b15bb89bebfea5d5', 'ageight84@axeo.net', '', '', '', '', '', '', 1, 2, '2013-01-12 12:03:26', '0000-00-00 00:00:00'),
(300, 4, NULL, 'duanper97', '5aa4dc8cedced6ada5e674f5fe4add73', 'duanper97@axeo.net', '', '', '', '', '', '', 1, 2, '2013-01-12 12:03:26', '0000-00-00 00:00:00'),
(301, 4, NULL, 'ceulend89', '1b7aeadcb48ad87970e3275558591938', 'ceulend89@axeo.net', '', '', '', '', '', '', 1, 2, '2013-01-12 12:03:26', '0000-00-00 00:00:00'),
(302, 4, NULL, 'kinugar79', '7ff000a8fe0ffc116bf06f88e7c7ed04', 'kinugar79@axeo.net', '', '', '', '', '', '', 1, 2, '2013-01-12 12:03:26', '0000-00-00 00:00:00'),
(303, 4, NULL, 'rannyem90', 'e1b5a524f4c94fa0cda92901aed935e4', 'rannyem90@axeo.net', '', '', '', '', '', '', 1, 2, '2013-01-12 12:03:26', '0000-00-00 00:00:00'),
(304, 4, NULL, 'rilight74', 'e3bfde21e1ba16ebebff4cd9e2dcc69f', 'rilight74@axeo.net', '', '', '', '', '', '', 1, 2, '2013-01-12 12:03:26', '0000-00-00 00:00:00'),
(305, 4, NULL, 'raklang74', '9f3acba2b7e68532ee42fc0434ec0e1e', 'raklang74@axeo.net', '', '', '', '', '', '', 1, 2, '2013-01-12 12:03:26', '0000-00-00 00:00:00'),
(306, 4, NULL, 'mosyina17', '0a32b14dec6d2649a7803b4cbde380b3', 'mosyina17@axeo.net', '', '', '', '', '', '', 1, 2, '2013-01-12 12:03:26', '0000-00-00 00:00:00'),
(307, 4, NULL, 'esstasi80', '705f3a05e157e12bd1eb340f4dd6314a', 'esstasi80@axeo.net', '', '', '', '', '', '', 1, 2, '2013-01-12 12:03:26', '0000-00-00 00:00:00'),
(308, 4, NULL, 'felaych63', '598c9cfb4f5a2e0b0d249b1f357aa372', 'felaych63@axeo.net', '', '', '', '', '', '', 1, 2, '2013-01-12 12:03:26', '0000-00-00 00:00:00'),
(309, 4, NULL, 'rakbest69', 'e5d27727ecedffd46ffc0a9f5ee4ef57', 'rakbest69@axeo.net', '', '', '', '', '', '', 1, 2, '2013-01-12 12:03:26', '0000-00-00 00:00:00'),
(310, 4, NULL, 'denayer53', '4cde39e8db0bce886fcd8b628eb242b7', 'denayer53@axeo.net', '', '', '', '', '', '', 1, 2, '2013-01-12 12:03:26', '0000-00-00 00:00:00'),
(311, 4, NULL, 'risdnys72', 'db8e4f82580bffc4f650367a46da5cf2', 'risdnys72@axeo.net', '', '', '', '', '', '', 1, 2, '2013-01-12 12:03:26', '0000-00-00 00:00:00'),
(312, 4, NULL, 'turight81', 'a8a7f6b1ee196be7c9208b5c18f7e5b0', 'turight81@axeo.net', '', '', '', '', '', '', 1, 2, '2013-01-12 12:03:26', '0000-00-00 00:00:00'),
(313, 4, NULL, 'kinugar70', 'f5a62644e56654f6ad98867a4c7ac7d0', 'kinugar70@axeo.net', '', '', '', '', '', '', 1, 2, '2013-01-12 12:03:26', '0000-00-00 00:00:00'),
(314, 4, NULL, 'boichat96', '197d56c9825c7a9ceb66f3396305b21d', 'boichat96@axeo.net', '', '', '', '', '', '', 1, 2, '2013-01-12 12:03:26', '0000-00-00 00:00:00');
INSERT INTO `users` (`id`, `office_id`, `role_id`, `username`, `password`, `email`, `first_name`, `middle_name`, `last_name`, `phone`, `address`, `skype`, `active`, `level`, `created_time`, `updated_time`) VALUES
(315, 4, NULL, 'streell39', '27c242246be8b269ed24834f79737996', 'streell39@axeo.net', '', '', '', '', '', '', 1, 2, '2013-01-12 12:03:26', '0000-00-00 00:00:00'),
(316, 4, NULL, 'felaych37', 'efedadc8d0ca7e0acd31b23abc4c171e', 'felaych37@axeo.net', '', '', '', '', '', '', 1, 2, '2013-01-12 12:03:26', '0000-00-00 00:00:00'),
(317, 4, NULL, 'turight47', '023dbaa7f842b3ff53856e7c75973a35', 'turight47@axeo.net', '', '', '', '', '', '', 1, 2, '2013-01-12 12:03:26', '0000-00-00 00:00:00'),
(318, 4, NULL, 'agenwar76', '3daa2aa47c2b5afac7566c8a31d5e8fc', 'agenwar76@axeo.net', '', '', '', '', '', '', 1, 2, '2013-01-12 12:03:26', '0000-00-00 00:00:00'),
(319, 4, NULL, 'samiale23', '7fa7dc3d4639a57a01a627c43c7cdd1e', 'samiale23@axeo.net', '', '', '', '', '', '', 1, 2, '2013-01-12 12:03:26', '0000-00-00 00:00:00'),
(320, 4, NULL, 'rilvore47', '32d69675511959e30069f9877ebd6b86', 'rilvore47@axeo.net', '', '', '', '', '', '', 1, 2, '2013-01-12 12:03:26', '0000-00-00 00:00:00'),
(321, 4, NULL, 'kiniach41', '594bd742d385734d1077296c0e3a1ec4', 'kiniach41@axeo.net', '', '', '', '', '', '', 1, 2, '2013-01-12 12:03:26', '0000-00-00 00:00:00'),
(322, 4, NULL, 'crayden49', '879ab4c1289650fbe7e88920f0a56fec', 'crayden49@axeo.net', '', '', '', '', '', '', 1, 2, '2013-01-12 12:03:26', '0000-00-00 00:00:00'),
(323, 4, NULL, 'mieccer39', 'bb97bfae29c23dcf18d51fb26e9a487d', 'mieccer39@axeo.net', '', '', '', '', '', '', 1, 2, '2013-01-12 12:03:26', '0000-00-00 00:00:00'),
(324, 4, NULL, 'cachust85', 'd28f52a63289c8e80613f286ff264ca9', 'cachust85@axeo.net', '', '', '', '', '', '', 1, 2, '2013-01-12 12:03:26', '0000-00-00 00:00:00'),
(325, 4, NULL, 'denayer25', 'dc4ec17a175fbd9246e51cc7cfd1aa83', 'denayer25@axeo.net', '', '', '', '', '', '', 1, 2, '2013-01-12 12:03:26', '0000-00-00 00:00:00'),
(326, 4, NULL, 'essaril13', '4d63f7e851ee719353ec0d504bafa783', 'essaril13@axeo.net', '', '', '', '', '', '', 1, 2, '2013-01-12 12:03:26', '0000-00-00 00:00:00'),
(327, 4, NULL, 'iaturor32', '91e29fc597950c627d0890957a648fbf', 'iaturor32@axeo.net', '', '', '', '', '', '', 1, 2, '2013-01-12 12:03:26', '0000-00-00 00:00:00'),
(328, 4, NULL, 'sultaso71', '572754127b0ef230c0a583f15843466a', 'sultaso71@axeo.net', '', '', '', '', '', '', 1, 2, '2013-01-12 12:03:26', '0000-00-00 00:00:00'),
(329, 4, NULL, 'tinldyn25', '21ac34ffbd3ebbc61bb7b87f55405c53', 'tinldyn25@axeo.net', '', '', '', '', '', '', 1, 2, '2013-01-12 12:03:26', '0000-00-00 00:00:00'),
(330, 4, NULL, 'essaril99', '19094db1798346eacc53430d61adbf5b', 'essaril99@axeo.net', '', '', '', '', '', '', 1, 2, '2013-01-12 12:03:26', '0000-00-00 00:00:00'),
(331, 4, NULL, 'smocker37', 'd56566310ac9777f224933698ec677fb', 'smocker37@axeo.net', '', '', '', '', '', '', 1, 2, '2013-01-12 12:03:26', '0000-00-00 00:00:00'),
(332, 4, NULL, 'polrlye87', 'c61d59d25031232dbe76457996205640', 'polrlye87@axeo.net', '', '', '', '', '', '', 1, 2, '2013-01-12 12:03:26', '0000-00-00 00:00:00'),
(333, 4, NULL, 'polrlye95', 'c8ec202a7a6aa8db55898768587fb511', 'polrlye95@axeo.net', '', '', '', '', '', '', 1, 2, '2013-01-12 12:03:26', '0000-00-00 00:00:00'),
(334, 4, NULL, 'engnale25', 'a0414a2f13f7c4ad63193bea01c61658', 'engnale25@axeo.net', '', '', '', '', '', '', 1, 2, '2013-01-12 12:03:26', '0000-00-00 00:00:00'),
(335, 4, NULL, 'kalaeld28', 'd827df81af84c9d65d1c057b95c54290', 'kalaeld28@axeo.net', '', '', '', '', '', '', 1, 2, '2013-01-12 12:03:26', '0000-00-00 00:00:00'),
(336, 4, NULL, 'ingiris19', '8465389fb0bff299460314ff09aa0d57', 'ingiris19@axeo.net', '', '', '', '', '', '', 1, 2, '2013-01-12 12:03:26', '0000-00-00 00:00:00'),
(337, 4, NULL, 'angther68', '12d5629ca6f54f625aa0d91836336ea0', 'angther68@axeo.net', '', '', '', '', '', '', 1, 2, '2013-01-12 12:03:26', '0000-00-00 00:00:00'),
(338, 4, NULL, 'goishem84', '0280b43b6fcd7b5d461e07b220936610', 'goishem84@axeo.net', '', '', '', '', '', '', 1, 2, '2013-01-12 12:03:26', '0000-00-00 00:00:00'),
(339, 4, NULL, 'essaril75', 'e77bac45978b87dbd8cec73904d3979e', 'essaril75@axeo.net', '', '', '', '', '', '', 1, 2, '2013-01-12 12:03:26', '0000-00-00 00:00:00'),
(340, 4, NULL, 'denayer21', '2bf5ef070489a003970ecd0a77b8ce6e', 'denayer21@axeo.net', '', '', '', '', '', '', 1, 2, '2013-01-12 12:03:26', '0000-00-00 00:00:00'),
(341, 4, NULL, 'morsach22', '8e38b50b76395c6fc7a8fa3381de5b27', 'morsach22@axeo.net', '', '', '', '', '', '', 1, 2, '2013-01-12 12:03:26', '0000-00-00 00:00:00'),
(342, 4, NULL, 'risuiss92', '5deff5a50e31b67e657734ac8cb8fdbb', 'risuiss92@axeo.net', '', '', '', '', '', '', 1, 2, '2013-01-12 12:03:26', '0000-00-00 00:00:00'),
(343, 4, NULL, 'raklang22', '065bda73d494b2eea4c84db4d97795c8', 'raklang22@axeo.net', '', '', '', '', '', '', 1, 2, '2013-01-12 12:03:26', '0000-00-00 00:00:00'),
(344, 4, NULL, 'lorroth89', '6173fe6c2f6c03ee31dab99719cbe88c', 'lorroth89@axeo.net', '', '', '', '', '', '', 1, 2, '2013-01-12 12:03:26', '0000-00-00 00:00:00'),
(345, 4, NULL, 'ineangu46', 'a37caf10c88ef3dadd63f001c1a8428e', 'ineangu46@axeo.net', '', '', '', '', '', '', 1, 2, '2013-01-12 12:03:26', '0000-00-00 00:00:00'),
(346, 4, NULL, 'iaturor44', 'e751ba47ccf35225bd247d3bf0d0b5ab', 'iaturor44@axeo.net', '', '', '', '', '', '', 1, 2, '2013-01-12 12:03:26', '0000-00-00 00:00:00'),
(347, 4, NULL, 'braghos38', 'ac8fc359275253f7ac50aa63ca3810f1', 'braghos38@axeo.net', '', '', '', '', '', '', 1, 2, '2013-01-12 12:03:26', '0000-00-00 00:00:00'),
(348, 4, NULL, 'tinldyn62', '60b74bf63acc162531a61158e6011fa9', 'tinldyn62@axeo.net', '', '', '', '', '', '', 1, 2, '2013-01-12 12:03:26', '0000-00-00 00:00:00'),
(349, 4, NULL, 'aughsay47', 'aeaab1de09e518946b40f121e1604559', 'aughsay47@axeo.net', '', '', '', '', '', '', 1, 2, '2013-01-12 12:03:26', '0000-00-00 00:00:00'),
(350, 4, NULL, 'smocker55', '25d4e8190e3b0788fd314d07aceabf26', 'smocker55@axeo.net', '', '', '', '', '', '', 1, 2, '2013-01-12 12:03:26', '0000-00-00 00:00:00'),
(351, 4, NULL, 'vernban92', 'dbd0dc335085c758b4dd05e82965e69a', 'vernban92@axeo.net', '', '', '', '', '', '', 1, 2, '2013-01-12 12:03:26', '0000-00-00 00:00:00'),
(352, 4, NULL, 'tanesto38', '2a413c304c529c8444e291fe0cf6eaf2', 'tanesto38@axeo.net', '', '', '', '', '', '', 1, 2, '2013-01-12 12:03:26', '0000-00-00 00:00:00'),
(353, 4, NULL, 'ageight20', '25cb90d47b30c654ddb9ce2f5bdeaf54', 'ageight20@axeo.net', '', '', '', '', '', '', 1, 2, '2013-01-12 12:03:26', '0000-00-00 00:00:00'),
(354, 4, NULL, 'yerocer96', '01ac0f28fbfa97969085cea0d7cbb76e', 'yerocer96@axeo.net', '', '', '', '', '', '', 1, 2, '2013-01-12 12:03:26', '0000-00-00 00:00:00'),
(355, 4, NULL, 'rodskel54', '2803d67d663b7a5c47a1d2ba1fd4abe4', 'rodskel54@axeo.net', '', '', '', '', '', '', 1, 2, '2013-01-12 12:03:26', '0000-00-00 00:00:00'),
(356, 4, NULL, 'charoth59', 'd957b5c37b80a6aa6aa706f8b8204146', 'charoth59@axeo.net', '', '', '', '', '', '', 1, 2, '2013-01-12 12:03:26', '0000-00-00 00:00:00'),
(357, 4, NULL, 'oughden67', '0ef0647bdeb444c534f8c857d26b6f13', 'oughden67@axeo.net', '', '', '', '', '', '', 1, 2, '2013-01-12 12:03:26', '0000-00-00 00:00:00'),
(358, 4, NULL, 'feylkin25', '9b0f9a3cf02e91e8702fe4168ddea49c', 'feylkin25@axeo.net', '', '', '', '', '', '', 1, 2, '2013-01-12 12:03:26', '0000-00-00 00:00:00'),
(359, 4, NULL, 'essathy61', '57209dd277ba7a3706a8ef1aa7c6abcd', 'essathy61@axeo.net', '', '', '', '', '', '', 1, 2, '2013-01-12 12:03:26', '0000-00-00 00:00:00'),
(360, 4, NULL, 'draeste58', '2224f17544220d0b1da8d59f54f0bcd3', 'draeste58@axeo.net', '', '', '', '', '', '', 1, 2, '2013-01-12 12:03:26', '0000-00-00 00:00:00'),
(361, 4, NULL, 'tausath48', 'b4b65b1c980b6e28243919eff77822f8', 'tausath48@axeo.net', '', '', '', '', '', '', 1, 2, '2013-01-12 12:03:26', '0000-00-00 00:00:00'),
(362, 4, NULL, 'essathy41', 'ce72bb081a4558d42148ab289952dcf4', 'essathy41@axeo.net', '', '', '', '', '', '', 1, 2, '2013-01-12 12:03:26', '0000-00-00 00:00:00'),
(363, 4, NULL, 'charoth34', '9ba228ddd223aa0ed766c0a7db087c26', 'charoth34@axeo.net', '', '', '', '', '', '', 1, 2, '2013-01-12 12:03:26', '0000-00-00 00:00:00'),
(364, 4, NULL, 'feylkin78', '2f4e723a7ec60027dc01ab119a47e68c', 'feylkin78@axeo.net', '', '', '', '', '', '', 1, 2, '2013-01-12 12:03:26', '0000-00-00 00:00:00'),
(365, 4, NULL, 'boichat20', 'df6ac90d8346e901026cc83ecad60578', 'boichat20@axeo.net', '', '', '', '', '', '', 1, 2, '2013-01-12 12:03:26', '0000-00-00 00:00:00'),
(366, 4, NULL, 'nalald96', 'd03980a9096630376edd84bcd72ab4fc', 'nalald96@axeo.net', '', '', '', '', '', '', 1, 2, '2013-01-12 12:03:26', '0000-00-00 00:00:00'),
(367, 4, NULL, 'hoosdan30', '13714759c6c6b9283365bed10d18af48', 'hoosdan30@axeo.net', '', '', '', '', '', '', 1, 2, '2013-01-12 12:03:26', '0000-00-00 00:00:00'),
(368, 4, NULL, 'bitasen76', 'a4fde5bf05f9fec7d32b84f85db5af03', 'bitasen76@axeo.net', '', '', '', '', '', '', 1, 2, '2013-01-12 12:03:26', '0000-00-00 00:00:00'),
(369, 4, NULL, 'gauding35', '426b97f191ce4db084a1ff087e207ea5', 'gauding35@axeo.net', '', '', '', '', '', '', 1, 2, '2013-01-12 12:03:26', '0000-00-00 00:00:00'),
(370, 4, NULL, 'warcere24', 'd99c2fd8698d9a2f227548b244d8476e', 'warcere24@axeo.net', '', '', '', '', '', '', 1, 2, '2013-01-12 12:03:26', '0000-00-00 00:00:00'),
(371, 4, NULL, 'essohin95', '1a77003460ca9b66b7219d6721938a4c', 'essohin95@axeo.net', '', '', '', '', '', '', 1, 2, '2013-01-12 12:03:26', '0000-00-00 00:00:00'),
(372, 4, NULL, 'raklang78', '432fa853a7f11c52c0d7750276fb863e', 'raklang78@axeo.net', '', '', '', '', '', '', 1, 2, '2013-01-12 12:03:26', '0000-00-00 00:00:00'),
(373, 4, NULL, 'percorm97', '052fe3c1b265b1b412b327635401395d', 'percorm97@axeo.net', '', '', '', '', '', '', 1, 2, '2013-01-12 12:03:26', '0000-00-00 00:00:00'),
(374, 4, NULL, 'engnale32', 'd6811475517f0afe051e72800d56849c', 'engnale32@axeo.net', '', '', '', '', '', '', 1, 2, '2013-01-12 12:03:26', '0000-00-00 00:00:00'),
(375, 4, NULL, 'rilvore30', '104a8133426f9dc89037294de2339391', 'rilvore30@axeo.net', '', '', '', '', '', '', 1, 2, '2013-01-12 12:03:26', '0000-00-00 00:00:00'),
(376, 4, NULL, 'ceshtor80', '868cf074a0f2667f6b441fb32cf7252f', 'ceshtor80@axeo.net', '', '', '', '', '', '', 1, 2, '2013-01-12 12:03:26', '0000-00-00 00:00:00'),
(377, 4, NULL, 'oughust55', '387dd8e374be3b09fa165a995bc0d90b', 'oughust55@axeo.net', '', '', '', '', '', '', 1, 2, '2013-01-12 12:03:26', '0000-00-00 00:00:00'),
(378, 4, NULL, 'banroth54', 'c76d4994e3d3b776acc525b7a1da733d', 'banroth54@axeo.net', '', '', '', '', '', '', 1, 2, '2013-01-12 12:03:26', '0000-00-00 00:00:00'),
(379, 4, NULL, 'aughsay98', '7eaf28032e92921361b6210dd0c3dc09', 'aughsay98@axeo.net', '', '', '', '', '', '', 1, 2, '2013-01-12 12:03:26', '0000-00-00 00:00:00'),
(380, 4, NULL, 'chether17', '5a50e6a866fe848c35866476aacd9551', 'chether17@axeo.net', '', '', '', '', '', '', 1, 2, '2013-01-12 12:03:26', '0000-00-00 00:00:00'),
(381, 4, NULL, 'angyage66', '93d3dcb011c9c355a8354d508c952f8d', 'angyage66@axeo.net', '', '', '', '', '', '', 1, 2, '2013-01-12 12:03:26', '0000-00-00 00:00:00'),
(382, 4, NULL, 'kalsay27', 'e7bbaf0cd2197533ca86be53c84709db', 'kalsay27@axeo.net', '', '', '', '', '', '', 1, 2, '2013-01-12 12:03:26', '0000-00-00 00:00:00'),
(383, 4, NULL, 'cachust31', 'b3b3b78f8e2f7a053e284867be011eb6', 'cachust31@axeo.net', '', '', '', '', '', '', 1, 2, '2013-01-12 12:03:26', '0000-00-00 00:00:00'),
(384, 4, NULL, 'blatyer28', '79bfbd804e6692ba551c4f7a3b5cbf54', 'blatyer28@axeo.net', '', '', '', '', '', '', 1, 2, '2013-01-12 12:03:26', '0000-00-00 00:00:00'),
(385, 4, NULL, 'skelton83', '908a8f78f53e088c2b6b809a892f2b63', 'skelton83@axeo.net', '', '', '', '', '', '', 1, 2, '2013-01-12 12:03:26', '0000-00-00 00:00:00'),
(386, 4, NULL, 'draeste33', '16e94c7b5171284e225012a8c8d9a21b', 'draeste33@axeo.net', '', '', '', '', '', '', 1, 2, '2013-01-12 12:03:26', '0000-00-00 00:00:00'),
(387, 4, NULL, 'tinldyn37', '12d85b35b1d120432c99e79ca078b1ab', 'tinldyn37@axeo.net', '', '', '', '', '', '', 1, 2, '2013-01-12 12:03:26', '0000-00-00 00:00:00'),
(388, 4, NULL, 'oughust17', 'f53a06fa1a56804565e45f7daff2aa68', 'oughust17@axeo.net', '', '', '', '', '', '', 1, 2, '2013-01-12 12:03:26', '0000-00-00 00:00:00'),
(389, 4, NULL, 'vesdris55', 'ca25e32636b20f7bd073b08720f576c2', 'vesdris55@axeo.net', '', '', '', '', '', '', 1, 2, '2013-01-12 12:03:26', '0000-00-00 00:00:00'),
(390, 4, NULL, 'percorm53', 'da85396c3af870dd33d69ebac389aa69', 'percorm53@axeo.net', '', '', '', '', '', '', 1, 2, '2013-01-12 12:03:26', '0000-00-00 00:00:00'),
(391, 4, NULL, 'kauwhon69', '7cd48918df6173426dff2c634abae0b3', 'kauwhon69@axeo.net', '', '', '', '', '', '', 1, 2, '2013-01-12 12:03:26', '0000-00-00 00:00:00'),
(392, 4, NULL, 'lorroth51', '28923ae0d05e57863bb83e7d1300f129', 'lorroth51@axeo.net', '', '', '', '', '', '', 1, 2, '2013-01-12 12:03:26', '0000-00-00 00:00:00'),
(393, 4, NULL, 'mosyina52', 'b63f92cf9d36e4574c23d04ed47a3b32', 'mosyina52@axeo.net', '', '', '', '', '', '', 1, 2, '2013-01-12 12:03:26', '0000-00-00 00:00:00'),
(394, 4, NULL, 'chether62', '22812f1b6d4f0280cb61214e586587e1', 'chether62@axeo.net', '', '', '', '', '', '', 1, 2, '2013-01-12 12:03:26', '0000-00-00 00:00:00'),
(395, 4, NULL, 'hindrad22', '451b1a056729bb40bc09b1ea8d1eb2a0', 'hindrad22@axeo.net', '', '', '', '', '', '', 1, 2, '2013-01-12 12:03:26', '0000-00-00 00:00:00'),
(396, 4, NULL, 'therald58', 'ffffc19812d596e71f11a2cbafbc4905', 'therald58@axeo.net', '', '', '', '', '', '', 1, 2, '2013-01-12 12:03:26', '0000-00-00 00:00:00'),
(397, 4, NULL, 'kalaeld59', '52f4baf2f6a2a19014dd9f1c1cdf09a9', 'kalaeld59@axeo.net', '', '', '', '', '', '', 1, 2, '2013-01-12 12:03:26', '0000-00-00 00:00:00'),
(398, 4, NULL, 'ustorme34', '793ec415791e4a37fe9876a9aa74af23', 'ustorme34@axeo.net', '', '', '', '', '', '', 1, 2, '2013-01-12 12:03:26', '0000-00-00 00:00:00'),
(399, 4, NULL, 'ageworo41', '866ef1cc0a0c3eebcad081208b3bd830', 'ageworo41@axeo.net', '', '', '', '', '', '', 1, 2, '2013-01-12 12:03:26', '0000-00-00 00:00:00'),
(400, 4, NULL, 'oughust92', '47691a83f5c9455c57e8334f7220fd39', 'oughust92@axeo.net', '', '', '', '', '', '', 1, 2, '2013-01-12 12:03:26', '0000-00-00 00:00:00'),
(401, 4, NULL, 'felaych28', 'ebd5aecb30c9bc8810518242043791ac', 'felaych28@axeo.net', '', '', '', '', '', '', 1, 2, '2013-01-12 12:03:26', '0000-00-00 00:00:00'),
(402, 4, NULL, 'tondynu39', '44bce27b5ea501d0d2c70f380a5e3ede', 'tondynu39@axeo.net', '', '', '', '', '', '', 1, 2, '2013-01-12 12:03:26', '0000-00-00 00:00:00'),
(403, 4, NULL, 'shentan22', '194d59a02c6120b00c97241dc1959844', 'shentan22@axeo.net', '', '', '', '', '', '', 1, 2, '2013-01-12 12:03:26', '0000-00-00 00:00:00'),
(404, 4, NULL, 'mosyina29', '63b3a4eb5a7dd1d55eede46d6bda15f0', 'mosyina29@axeo.net', '', '', '', '', '', '', 1, 2, '2013-01-12 12:03:26', '0000-00-00 00:00:00'),
(405, 4, NULL, 'brischa60', 'a7d973462ec17047d2c6fe6fbb156d6c', 'brischa60@axeo.net', '', '', '', '', '', '', 1, 2, '2013-01-12 12:03:26', '0000-00-00 00:00:00'),
(406, 4, NULL, 'rannyem95', '3403835c2589df4a51bace4a1abe725c', 'rannyem95@axeo.net', '', '', '', '', '', '', 1, 2, '2013-01-12 12:03:26', '0000-00-00 00:00:00'),
(407, 4, NULL, 'vesdris21', '879b6018c43a1f0feb67da8bfbffb967', 'vesdris21@axeo.net', '', '', '', '', '', '', 1, 2, '2013-01-12 12:03:26', '0000-00-00 00:00:00'),
(408, 4, NULL, 'mosyina20', 'b6e09b196006edb7569e04e41e047a2e', 'mosyina20@axeo.net', '', '', '', '', '', '', 1, 2, '2013-01-12 12:03:26', '0000-00-00 00:00:00'),
(409, 4, NULL, 'perhini94', '402ecef1dda231392ac734d2b553fad4', 'perhini94@axeo.net', '', '', '', '', '', '', 1, 2, '2013-01-12 12:03:26', '0000-00-00 00:00:00'),
(410, 4, NULL, 'nyimash28', '76d45143c4c1da6bf9a05247ef28eda3', 'nyimash28@axeo.net', '', '', '', '', '', '', 1, 2, '2013-01-12 12:03:26', '0000-00-00 00:00:00'),
(411, 4, NULL, 'warnhat55', '2a3af80adcbbf1984670b8c9d21083ba', 'warnhat55@axeo.net', '', '', '', '', '', '', 1, 2, '2013-01-12 12:03:26', '0000-00-00 00:00:00'),
(412, 4, NULL, 'rarttia47', '3539ec1706082d729d165fbabf9f86e7', 'rarttia47@axeo.net', '', '', '', '', '', '', 1, 2, '2013-01-12 12:03:26', '0000-00-00 00:00:00'),
(413, 4, NULL, 'kauwhon66', '009cddd49ae3f1a2d49453d1ce9fbb6c', 'kauwhon66@axeo.net', '', '', '', '', '', '', 1, 2, '2013-01-12 12:03:26', '0000-00-00 00:00:00'),
(414, 4, NULL, 'gauding99', '5f11fd187b3d44bae83a853776ea90b6', 'gauding99@axeo.net', '', '', '', '', '', '', 1, 2, '2013-01-12 12:03:26', '0000-00-00 00:00:00'),
(415, 4, NULL, 'mosedar76', '0d4bf16c0d1c1cb9c2064bcdd22a8f84', 'mosedar76@axeo.net', '', '', '', '', '', '', 1, 2, '2013-01-12 12:03:26', '0000-00-00 00:00:00'),
(416, 4, NULL, 'vesxrod22', 'c0cd0bbe67115dff67f7e70ccd8bdda6', 'vesxrod22@axeo.net', '', '', '', '', '', '', 1, 2, '2013-01-12 12:03:26', '0000-00-00 00:00:00'),
(417, 4, NULL, 'wheirem31', '04708e966409b8897de6332f10b14723', 'wheirem31@axeo.net', '', '', '', '', '', '', 1, 2, '2013-01-12 12:03:26', '0000-00-00 00:00:00'),
(418, 4, NULL, 'rakbest27', 'df1925e9a9966b7f80d193a186de4b93', 'rakbest27@axeo.net', '', '', '', '', '', '', 1, 2, '2013-01-12 12:03:26', '0000-00-00 00:00:00'),
(419, 4, NULL, 'resavah50', '0ac05724570b0c8b59c28c904f0e7603', 'resavah50@axeo.net', '', '', '', '', '', '', 1, 2, '2013-01-12 12:03:26', '0000-00-00 00:00:00'),
(420, 4, NULL, 'warnhat63', 'ebf02428ce33b8292ebb6cb5f5710cbb', 'warnhat63@axeo.net', '', '', '', '', '', '', 1, 2, '2013-01-12 12:03:26', '0000-00-00 00:00:00'),
(421, 4, NULL, 'thernya33', '5deaefe867a062535c72cb536c417184', 'thernya33@axeo.net', '', '', '', '', '', '', 1, 2, '2013-01-12 12:03:26', '0000-00-00 00:00:00'),
(422, 4, NULL, 'angther44', '1de9efebacb9c9c07bf1f4886d1510bf', 'angther44@axeo.net', '', '', '', '', '', '', 1, 2, '2013-01-12 12:03:26', '0000-00-00 00:00:00'),
(423, 4, NULL, 'therkin19', 'f412c54b0a93c63ab23660d3e3eb9660', 'therkin19@axeo.net', '', '', '', '', '', '', 1, 2, '2013-01-12 12:03:26', '0000-00-00 00:00:00'),
(424, 4, NULL, 'agenwar22', '3b4b040ef43e1326610e2acb340b5532', 'agenwar22@axeo.net', '', '', '', '', '', '', 1, 2, '2013-01-12 12:03:26', '0000-00-00 00:00:00'),
(425, 4, NULL, 'engnyer40', '55861396cad940e7260de6df6c8f852f', 'engnyer40@axeo.net', '', '', '', '', '', '', 1, 2, '2013-01-12 12:03:26', '0000-00-00 00:00:00'),
(426, 4, NULL, 'lerolda72', 'd7c8da1bb6b64d81f39ffd74ba9ef48f', 'lerolda72@axeo.net', '', '', '', '', '', '', 1, 2, '2013-01-12 12:03:26', '0000-00-00 00:00:00'),
(427, 4, NULL, 'chroler82', 'c321c7fee3c8f0478d17c595624cbca8', 'chroler82@axeo.net', '', '', '', '', '', '', 1, 2, '2013-01-12 12:03:26', '0000-00-00 00:00:00'),
(428, 4, NULL, 'athusky52', 'f7043676b26a0d22a1ee425b470b5a3e', 'athusky52@axeo.net', '', '', '', '', '', '', 1, 2, '2013-01-12 12:03:26', '0000-00-00 00:00:00'),
(429, 4, NULL, 'stipeld94', 'c5ae2f26cb45b24f92ec8620322da8c9', 'stipeld94@axeo.net', '', '', '', '', '', '', 1, 2, '2013-01-12 12:03:26', '0000-00-00 00:00:00'),
(430, 4, NULL, 'gyimnys46', '0b19d35de9813cf9e315083f60e4eda3', 'gyimnys46@axeo.net', '', '', '', '', '', '', 1, 2, '2013-01-12 12:03:26', '0000-00-00 00:00:00'),
(431, 4, NULL, 'yerough57', '7ad2ef47a82cbdffca64d01dc44ae726', 'yerough57@axeo.net', '', '', '', '', '', '', 1, 2, '2013-01-12 12:03:26', '0000-00-00 00:00:00'),
(432, 4, NULL, 'ashathi42', '729b5b02fac26f011e29e64698c638f1', 'ashathi42@axeo.net', '', '', '', '', '', '', 1, 2, '2013-01-12 12:03:26', '0000-00-00 00:00:00'),
(433, 4, NULL, 'stipeld24', '927789f003c2d5c95eac1d7a5e9b27a7', 'stipeld24@axeo.net', '', '', '', '', '', '', 1, 2, '2013-01-12 12:03:26', '0000-00-00 00:00:00'),
(434, 4, NULL, 'lorinee74', '7d97de421b85673db368042aa7529e31', 'lorinee74@axeo.net', '', '', '', '', '', '', 1, 2, '2013-01-12 12:03:26', '0000-00-00 00:00:00'),
(435, 4, NULL, 'warcere57', '53fd0dfdec232d631363b61f3027f73c', 'warcere57@axeo.net', '', '', '', '', '', '', 1, 2, '2013-01-12 12:03:26', '0000-00-00 00:00:00'),
(436, 4, NULL, 'vorusky26', '8f0a522c60856989fd47e104416930b6', 'vorusky26@axeo.net', '', '', '', '', '', '', 1, 2, '2013-01-12 12:03:26', '0000-00-00 00:00:00'),
(437, 4, NULL, 'rakbest10', '3b8bd911a4e17e82cc82efc26b82bb44', 'rakbest10@axeo.net', '', '', '', '', '', '', 1, 2, '2013-01-12 12:03:26', '0000-00-00 00:00:00'),
(438, 4, NULL, 'cindeld77', 'cb65fc0055315d68bbd2510e0670d2fb', 'cindeld77@axeo.net', '', '', '', '', '', '', 1, 2, '2013-01-12 12:03:26', '0000-00-00 00:00:00'),
(439, 4, NULL, 'vesdris37', 'ed5475e225e96490025af14a58f18142', 'vesdris37@axeo.net', '', '', '', '', '', '', 1, 2, '2013-01-12 12:03:26', '0000-00-00 00:00:00'),
(440, 4, NULL, 'rodskel44', '34d5e323ccfa34c05d0818721b75960a', 'rodskel44@axeo.net', '', '', '', '', '', '', 1, 2, '2013-01-12 12:03:26', '0000-00-00 00:00:00'),
(441, 4, NULL, 'essathy32', '1cceeb301554ee03abe9589f8e5ead1b', 'essathy32@axeo.net', '', '', '', '', '', '', 1, 2, '2013-01-12 12:03:26', '0000-00-00 00:00:00'),
(442, 4, NULL, 'shentan26', 'becfb9baab7a0e4dd5d8018daf20c4e8', 'shentan26@axeo.net', '', '', '', '', '', '', 1, 2, '2013-01-12 12:03:26', '0000-00-00 00:00:00'),
(443, 4, NULL, 'omemsam52', '68671759206b5272c167b65a865434d2', 'omemsam52@axeo.net', '', '', '', '', '', '', 1, 2, '2013-01-12 12:03:26', '0000-00-00 00:00:00'),
(444, 4, NULL, 'samrily12', '912ac9bd0a176b9a50fbd8cdc0cbea47', 'samrily12@axeo.net', '', '', '', '', '', '', 1, 2, '2013-01-12 12:03:26', '0000-00-00 00:00:00'),
(445, 4, NULL, 'kalaeld35', 'abe13010815097dbe8b4eef20d0f5b84', 'kalaeld35@axeo.net', '', '', '', '', '', '', 1, 2, '2013-01-12 12:03:26', '0000-00-00 00:00:00'),
(446, 4, NULL, 'polrlye40', '6fbaca05b1cfeed525e2b3ea16a82b65', 'polrlye40@axeo.net', '', '', '', '', '', '', 1, 2, '2013-01-12 12:03:26', '0000-00-00 00:00:00'),
(447, 4, NULL, 'kiniach55', 'b258b20c12087909b9ce795474393920', 'kiniach55@axeo.net', '', '', '', '', '', '', 1, 2, '2013-01-12 12:03:26', '0000-00-00 00:00:00'),
(448, 4, NULL, 'dilnsul13', '8f9ce0b63304499c6f8936005c519ebe', 'dilnsul13@axeo.net', '', '', '', '', '', '', 1, 2, '2013-01-12 12:03:26', '0000-00-00 00:00:00'),
(449, 4, NULL, 'daninea56', '3b34e92f62afdb32fdf7e7a94aad4afa', 'daninea56@axeo.net', '', '', '', '', '', '', 1, 2, '2013-01-12 12:03:26', '0000-00-00 00:00:00'),
(450, 4, NULL, 'vesdris45', '99ab97963858798ef3c0235f7c8c751b', 'vesdris45@axeo.net', '', '', '', '', '', '', 1, 2, '2013-01-12 12:03:26', '0000-00-00 00:00:00'),
(451, 4, NULL, 'ightkal94', 'b2ea2e2a9430d3fe086c8d53dd666da0', 'ightkal94@axeo.net', '', '', '', '', '', '', 1, 2, '2013-01-12 12:03:26', '0000-00-00 00:00:00'),
(452, 4, NULL, 'lychust80', '5e12e675ca1b0e45728367640114e13d', 'lychust80@axeo.net', '', '', '', '', '', '', 1, 2, '2013-01-12 12:03:26', '0000-00-00 00:00:00'),
(453, 4, NULL, 'morsach26', '5aad8bd9727f203ebf7e537bd36630af', 'morsach26@axeo.net', '', '', '', '', '', '', 1, 2, '2013-01-12 12:03:26', '0000-00-00 00:00:00'),
(454, 4, NULL, 'shentan71', 'ff18292223615093f5c70736b636c615', 'shentan71@axeo.net', '', '', '', '', '', '', 1, 2, '2013-01-12 12:03:26', '0000-00-00 00:00:00'),
(455, 4, NULL, 'blatyer69', '06cef0c7d3699f4eb41530ddf892f6c0', 'blatyer69@axeo.net', '', '', '', '', '', '', 1, 2, '2013-01-12 12:03:26', '0000-00-00 00:00:00'),
(456, 4, NULL, 'mosedar14', '0f085a0a75e8eb06351783cd261b23d8', 'mosedar14@axeo.net', '', '', '', '', '', '', 1, 2, '2013-01-12 12:03:26', '0000-00-00 00:00:00'),
(457, 4, NULL, 'rilight15', 'bfdeeae6eba31f1f2224edd55d354e1e', 'rilight15@axeo.net', '', '', '', '', '', '', 1, 2, '2013-01-12 12:03:26', '0000-00-00 00:00:00'),
(458, 4, NULL, 'wiartas33', '7119b54c6ff61381a7a40543e5aa27c4', 'wiartas33@axeo.net', '', '', '', '', '', '', 1, 2, '2013-01-12 12:03:26', '0000-00-00 00:00:00'),
(459, 4, NULL, 'dintald97', '83fa6654e45fa17d06657ead52838346', 'dintald97@axeo.net', '', '', '', '', '', '', 1, 2, '2013-01-12 12:03:26', '0000-00-00 00:00:00'),
(460, 4, NULL, 'vernban58', 'fa8c23731566ca3c8b05fec16d4a101f', 'vernban58@axeo.net', '', '', '', '', '', '', 1, 2, '2013-01-12 12:03:26', '0000-00-00 00:00:00'),
(461, 4, NULL, 'percorm83', '25b59361c7ba81b260d5bedef4f96a3e', 'percorm83@axeo.net', '', '', '', '', '', '', 1, 2, '2013-01-12 12:03:26', '0000-00-00 00:00:00'),
(462, 4, NULL, 'ighting33', '3011c1bdfa1e4bf1e392655569b5809a', 'ighting33@axeo.net', '', '', '', '', '', '', 1, 2, '2013-01-12 12:03:26', '0000-00-00 00:00:00'),
(463, 4, NULL, 'rarttia55', 'f39c1808afd46951d207551265cf5a98', 'rarttia55@axeo.net', '', '', '', '', '', '', 1, 2, '2013-01-12 12:03:26', '0000-00-00 00:00:00'),
(464, 4, NULL, 'lyeporm92', '2f716a544a0d310bda75300cf388036b', 'lyeporm92@axeo.net', '', '', '', '', '', '', 1, 2, '2013-01-12 12:03:26', '0000-00-00 00:00:00'),
(465, 4, NULL, 'feylkin69', 'a87b3202ccb27e457e0ee2e72c39cb4e', 'feylkin69@axeo.net', '', '', '', '', '', '', 1, 2, '2013-01-12 12:03:26', '0000-00-00 00:00:00'),
(466, 4, NULL, 'kalsay19', '68b0bbdf687ccb67782af8995a6f46e1', 'kalsay19@axeo.net', '', '', '', '', '', '', 1, 2, '2013-01-12 12:03:26', '0000-00-00 00:00:00'),
(467, 4, NULL, 'chroler13', '52141f489a37496f636b7eb17786374a', 'chroler13@axeo.net', '', '', '', '', '', '', 1, 2, '2013-01-12 12:03:26', '0000-00-00 00:00:00'),
(468, 4, NULL, 'achonas38', '6f2f7a06e4bf3811a950feaf2c18f0e4', 'achonas38@axeo.net', '', '', '', '', '', '', 1, 2, '2013-01-12 12:03:26', '0000-00-00 00:00:00'),
(469, 4, NULL, 'angther60', '277d1db51f95875da186c526b9e0ee96', 'angther60@axeo.net', '', '', '', '', '', '', 1, 2, '2013-01-12 12:03:26', '0000-00-00 00:00:00'),
(470, 4, NULL, 'coulild17', '9906cbab6dae3849e71603d702d5eea8', 'coulild17@axeo.net', '', '', '', '', '', '', 1, 2, '2013-01-12 12:03:26', '0000-00-00 00:00:00'),
(471, 4, NULL, 'torccer66', '4e47cf576d5e32b5f32f0937d2207e76', 'torccer66@axeo.net', '', '', '', '', '', '', 1, 2, '2013-01-12 12:03:26', '0000-00-00 00:00:00'),
(472, 4, NULL, 'vesdris35', '4cf9dfd92f62cf8f84b0e778610818d2', 'vesdris35@axeo.net', '', '', '', '', '', '', 1, 2, '2013-01-12 12:03:26', '0000-00-00 00:00:00'),
(473, 4, NULL, 'athusky94', '4e1c1be123d35bb6b284e936c3d30f67', 'athusky94@axeo.net', '', '', '', '', '', '', 1, 2, '2013-01-12 12:03:26', '0000-00-00 00:00:00'),
(474, 4, NULL, 'lyeporm81', '9b69a677bc50f4d7a668fc1abbc48ed7', 'lyeporm81@axeo.net', '', '', '', '', '', '', 1, 2, '2013-01-12 12:03:26', '0000-00-00 00:00:00'),
(475, 4, NULL, 'kinugar97', 'bf3239fe862140f924b385f041a752e4', 'kinugar97@axeo.net', '', '', '', '', '', '', 1, 2, '2013-01-12 12:03:26', '0000-00-00 00:00:00'),
(476, 4, NULL, 'ceulend75', '6e9e4909aa7e0b8c3ac6529c81f1c6d4', 'ceulend75@axeo.net', '', '', '', '', '', '', 1, 2, '2013-01-12 12:03:26', '0000-00-00 00:00:00'),
(477, 4, NULL, 'vorarad42', '52bf68f4d8728708620a0ad3f4f46b86', 'vorarad42@axeo.net', '', '', '', '', '', '', 1, 2, '2013-01-12 12:03:26', '0000-00-00 00:00:00'),
(478, 4, NULL, 'loiryer70', '5055fef62d791c05282919f43198a3b8', 'loiryer70@axeo.net', '', '', '', '', '', '', 1, 2, '2013-01-12 12:03:26', '0000-00-00 00:00:00'),
(479, 4, NULL, 'chroler50', 'f8643529ce55662bce79393799f74043', 'chroler50@axeo.net', '', '', '', '', '', '', 1, 2, '2013-01-12 12:03:26', '0000-00-00 00:00:00'),
(480, 4, NULL, 'ceulend15', '308bc36270c9da5c86f71f6a8449aa80', 'ceulend15@axeo.net', '', '', '', '', '', '', 1, 2, '2013-01-12 12:03:26', '0000-00-00 00:00:00'),
(481, 4, NULL, 'mieccer47', '40771c6fcbf172c1dcf6818ba157c4ff', 'mieccer47@axeo.net', '', '', '', '', '', '', 1, 2, '2013-01-12 12:03:26', '0000-00-00 00:00:00'),
(482, 4, NULL, 'jeawang63', 'd0b27e80a394e7491ed0876f2c42de5a', 'jeawang63@axeo.net', '', '', '', '', '', '', 1, 2, '2013-01-12 12:03:26', '0000-00-00 00:00:00'),
(483, 4, NULL, 'thuason51', 'fd8a294525b856ea5ce3567b58774f6d', 'thuason51@axeo.net', '', '', '', '', '', '', 1, 2, '2013-01-12 12:03:26', '0000-00-00 00:00:00'),
(484, 4, NULL, 'oughust36', '30c8d199fc63cc19d1b00e66c31663c5', 'oughust36@axeo.net', '', '', '', '', '', '', 1, 2, '2013-01-12 12:03:26', '0000-00-00 00:00:00'),
(485, 4, NULL, 'radbure95', 'afae49f950dfe7a339a37e2d0d53ab6d', 'radbure95@axeo.net', '', '', '', '', '', '', 1, 2, '2013-01-12 12:03:26', '0000-00-00 00:00:00'),
(486, 4, NULL, 'perdani70', 'e3febe6ed9f6b6bcd687476689a668f5', 'perdani70@axeo.net', '', '', '', '', '', '', 1, 2, '2013-01-12 12:03:26', '0000-00-00 00:00:00'),
(487, 4, NULL, 'mortoni25', '55e6dcff0e4bc0ddff2e740e6fab0fe0', 'mortoni25@axeo.net', '', '', '', '', '', '', 1, 2, '2013-01-12 12:03:26', '0000-00-00 00:00:00'),
(488, 4, NULL, 'ingroth93', '0c97b6ec9028759771c5ee63f7fafe53', 'ingroth93@axeo.net', '', '', '', '', '', '', 1, 2, '2013-01-12 12:03:26', '0000-00-00 00:00:00'),
(489, 4, NULL, 'lorinee69', '9bb8a36e607bc1b92b6e7a98fd2f3aa9', 'lorinee69@axeo.net', '', '', '', '', '', '', 1, 2, '2013-01-12 12:03:26', '0000-00-00 00:00:00'),
(490, 4, NULL, 'essaril50', 'c3588f77aefbfd445200953bd05f865a', 'essaril50@axeo.net', '', '', '', '', '', '', 1, 2, '2013-01-12 12:03:26', '0000-00-00 00:00:00'),
(491, 4, NULL, 'therkin33', 'f8734d928e29096136c4f2f7fadff125', 'therkin33@axeo.net', '', '', '', '', '', '', 1, 2, '2013-01-12 12:03:26', '0000-00-00 00:00:00'),
(492, 4, NULL, 'morsach56', '414dbf1d62c5bdb3f98eba98893be8a0', 'morsach56@axeo.net', '', '', '', '', '', '', 1, 2, '2013-01-12 12:03:26', '0000-00-00 00:00:00'),
(493, 4, NULL, 'chroler31', '33e5799b9388ef1596b44ebb0cf066d8', 'chroler31@axeo.net', '', '', '', '', '', '', 1, 2, '2013-01-12 12:03:26', '0000-00-00 00:00:00'),
(494, 4, NULL, 'stipeld70', 'fae9f4603743b2228fd340cd5bb5734f', 'stipeld70@axeo.net', '', '', '', '', '', '', 1, 2, '2013-01-12 12:03:26', '0000-00-00 00:00:00'),
(495, 4, NULL, 'rodxtia40', '514bab959cedf15cb292b5a28c855f33', 'rodxtia40@axeo.net', '', '', '', '', '', '', 1, 2, '2013-01-12 12:03:26', '0000-00-00 00:00:00'),
(496, 4, NULL, 'lychust45', '359ccb453acd33eff4c646b4ae1271b5', 'lychust45@axeo.net', '', '', '', '', '', '', 1, 2, '2013-01-12 12:03:26', '0000-00-00 00:00:00'),
(497, 4, NULL, 'smocker45', 'c7dc7e69ba413aafb964cece3a3bce34', 'smocker45@axeo.net', '', '', '', '', '', '', 1, 2, '2013-01-12 12:03:26', '0000-00-00 00:00:00'),
(498, 4, NULL, 'threysh14', '95a45297f95db092858542e24277a3d2', 'threysh14@axeo.net', '', '', '', '', '', '', 1, 2, '2013-01-12 12:03:26', '0000-00-00 00:00:00'),
(499, 4, NULL, 'essohin74', '79f85fc5eb6ecfef12a88319d959470c', 'essohin74@axeo.net', '', '', '', '', '', '', 1, 2, '2013-01-12 12:03:26', '0000-00-00 00:00:00'),
(500, 4, NULL, 'charoth60', '404e3a46c8c440fc918938b4a878d624', 'charoth60@axeo.net', '', '', '', '', '', '', 1, 2, '2013-01-12 12:03:26', '0000-00-00 00:00:00'),
(501, 4, NULL, 'therald84', '85ec041479a03fbc17805f9c07aa9fe1', 'therald84@axeo.net', '', '', '', '', '', '', 1, 2, '2013-01-12 12:03:26', '0000-00-00 00:00:00'),
(502, 4, NULL, 'mortoni13', '14b3352b009cded2af5e371648801ed9', 'mortoni13@axeo.net', '', '', '', '', '', '', 1, 2, '2013-01-12 12:03:26', '0000-00-00 00:00:00'),
(503, 4, NULL, 'kinugar99', 'fc2d51f398cbb29b9560c8dd38dfc125', 'kinugar99@axeo.net', '', '', '', '', '', '', 1, 2, '2013-01-12 12:03:26', '0000-00-00 00:00:00'),
(504, 4, NULL, 'polrlye20', '23a156c6e6e6b900a5f9693cbe8c4b04', 'polrlye20@axeo.net', '', '', '', '', '', '', 1, 2, '2013-01-12 12:03:26', '0000-00-00 00:00:00'),
(505, 4, NULL, 'brischa49', '150d5a7599eb02235e9547d4a05aa593', 'brischa49@axeo.net', '', '', '', '', '', '', 1, 2, '2013-01-12 12:03:26', '0000-00-00 00:00:00'),
(506, 4, NULL, 'ingyqua65', '54e1660e87c9af2be461a222859b846f', 'ingyqua65@axeo.net', '', '', '', '', '', '', 1, 2, '2013-01-12 12:03:26', '0000-00-00 00:00:00'),
(507, 4, NULL, 'yerocer57', '7a1a66bb72513ab1031223413d9366c9', 'yerocer57@axeo.net', '', '', '', '', '', '', 1, 2, '2013-01-12 12:03:26', '0000-00-00 00:00:00'),
(508, 4, NULL, 'agexrod79', 'beff79ee4265c6145dff7658d234d598', 'agexrod79@axeo.net', '', '', '', '', '', '', 1, 2, '2013-01-12 12:03:26', '0000-00-00 00:00:00'),
(509, 4, NULL, 'feylkin82', 'f23bed6471dafaf7d566c0df804290cd', 'feylkin82@axeo.net', '', '', '', '', '', '', 1, 2, '2013-01-12 12:03:26', '0000-00-00 00:00:00'),
(510, 4, NULL, 'ashathi64', 'adc7469decd59b1c03d76d9593e1229a', 'ashathi64@axeo.net', '', '', '', '', '', '', 1, 2, '2013-01-12 12:03:26', '0000-00-00 00:00:00'),
(511, 4, NULL, 'wiartas77', 'e348355d8803beb8b7a5c2fcabd3b5ee', 'wiartas77@axeo.net', '', '', '', '', '', '', 1, 2, '2013-01-12 12:03:26', '0000-00-00 00:00:00'),
(512, 4, NULL, 'schiris51', 'c0993f3c151af6795487c14052b7e38e', 'schiris51@axeo.net', '', '', '', '', '', '', 1, 2, '2013-01-12 12:03:26', '0000-00-00 00:00:00'),
(513, 4, NULL, 'untaugh60', '90ff0ef830468b55b15138eec0a3606b', 'untaugh60@axeo.net', '', '', '', '', '', '', 1, 2, '2013-01-12 12:03:26', '0000-00-00 00:00:00'),
(514, 4, NULL, 'chroler24', '31cebd8dda5dee451a8dde3072e7ca71', 'chroler24@axeo.net', '', '', '', '', '', '', 1, 2, '2013-01-12 12:03:26', '0000-00-00 00:00:00'),
(515, 4, NULL, 'tanesto47', '6b8d58cbb615c919446b13edd83363e7', 'tanesto47@axeo.net', '', '', '', '', '', '', 1, 2, '2013-01-12 12:03:26', '0000-00-00 00:00:00'),
(516, 4, NULL, 'raklang55', 'e8b88325b775f4da2942ce87e7b7204e', 'raklang55@axeo.net', '', '', '', '', '', '', 1, 2, '2013-01-12 12:03:26', '0000-00-00 00:00:00'),
(517, 4, NULL, 'draeste18', '57d73eebb0f1d2fa3d33d378413905bd', 'draeste18@axeo.net', '', '', '', '', '', '', 1, 2, '2013-01-12 12:03:26', '0000-00-00 00:00:00'),
(518, 4, NULL, 'lyeporm44', 'a27c54e202bef91123aa2dcee35693a1', 'lyeporm44@axeo.net', '', '', '', '', '', '', 1, 2, '2013-01-12 12:03:26', '0000-00-00 00:00:00'),
(519, 4, NULL, 'smocker17', 'a235eb4b8a1cbf914900b35f01dd9af5', 'smocker17@axeo.net', '', '', '', '', '', '', 1, 2, '2013-01-12 12:03:26', '0000-00-00 00:00:00'),
(520, 4, NULL, 'quefrak38', 'ef31e828ee875767a505a03cb3eaddb8', 'quefrak38@axeo.net', '', '', '', '', '', '', 1, 2, '2013-01-12 12:03:26', '0000-00-00 00:00:00'),
(521, 4, NULL, 'toniess82', 'a1d6e07b4e6b02d3e5ddb8e2310b7b0f', 'toniess82@axeo.net', '', '', '', '', '', '', 1, 2, '2013-01-12 12:03:26', '0000-00-00 00:00:00'),
(522, 4, NULL, 'felaych80', 'ce54b085ab2d68575d0594d2fa0c51ea', 'felaych80@axeo.net', '', '', '', '', '', '', 1, 2, '2013-01-12 12:03:26', '0000-00-00 00:00:00'),
(523, 4, NULL, 'poehmos28', '97e3807a722ac94424c17d24b555e6cb', 'poehmos28@axeo.net', '', '', '', '', '', '', 1, 2, '2013-01-12 12:03:26', '0000-00-00 00:00:00'),
(524, 4, NULL, 'lorinee70', '6a9b80bbd9135195aca9207622b5503f', 'lorinee70@axeo.net', '', '', '', '', '', '', 1, 2, '2013-01-12 12:03:26', '0000-00-00 00:00:00'),
(525, 4, NULL, 'lerolda99', 'e50d6330acbb9f3b0edf87ab3dcfb76d', 'lerolda99@axeo.net', '', '', '', '', '', '', 1, 2, '2013-01-12 12:03:26', '0000-00-00 00:00:00'),
(526, 4, NULL, 'tausath36', 'e3c8ae98a3737ead6acd21f47c206ec9', 'tausath36@axeo.net', '', '', '', '', '', '', 1, 2, '2013-01-12 12:03:26', '0000-00-00 00:00:00'),
(527, 4, NULL, 'poehmos86', 'fdd74d559cac0a87269174c207581bf6', 'poehmos86@axeo.net', '', '', '', '', '', '', 1, 2, '2013-01-12 12:03:26', '0000-00-00 00:00:00'),
(528, 4, NULL, 'quefrak66', '141466c11064efe27eb296308652e5f3', 'quefrak66@axeo.net', '', '', '', '', '', '', 1, 2, '2013-01-12 12:03:26', '0000-00-00 00:00:00'),
(529, 4, NULL, 'rarttia84', 'a9639c25d0794a6d4a0457d8fc5885bb', 'rarttia84@axeo.net', '', '', '', '', '', '', 1, 2, '2013-01-12 12:03:26', '0000-00-00 00:00:00'),
(530, 4, NULL, 'yerocer32', '4500de5f527eb6f4858372f1ae718ff7', 'yerocer32@axeo.net', '', '', '', '', '', '', 1, 2, '2013-01-12 12:03:26', '0000-00-00 00:00:00'),
(531, 4, NULL, 'vesxrod68', '96fd0e8bd5d21b5f50204a902e0b0e28', 'vesxrod68@axeo.net', '', '', '', '', '', '', 1, 2, '2013-01-12 12:03:26', '0000-00-00 00:00:00'),
(532, 4, NULL, 'tondynu66', 'df117197501185cd548e414528809844', 'tondynu66@axeo.net', '', '', '', '', '', '', 1, 2, '2013-01-12 12:03:26', '0000-00-00 00:00:00'),
(533, 4, NULL, 'mosyina36', '3a610c40c136e04a08495461267d8aaa', 'mosyina36@axeo.net', '', '', '', '', '', '', 1, 2, '2013-01-12 12:03:26', '0000-00-00 00:00:00'),
(534, 4, NULL, 'nysstai46', '981ecd3603302c3049e4d42e73d23a1b', 'nysstai46@axeo.net', '', '', '', '', '', '', 1, 2, '2013-01-12 12:03:26', '0000-00-00 00:00:00'),
(535, 4, NULL, 'agexrod70', 'a86754405ed22955c02ecc7cf6e509f0', 'agexrod70@axeo.net', '', '', '', '', '', '', 1, 2, '2013-01-12 12:03:26', '0000-00-00 00:00:00'),
(536, 4, NULL, 'dilnsul51', '5285ae27d0bde381b592e1af3d453750', 'dilnsul51@axeo.net', '', '', '', '', '', '', 1, 2, '2013-01-12 12:03:26', '0000-00-00 00:00:00'),
(537, 4, NULL, 'morsach29', 'b670bbe359f11f766c8a42ef58721bb7', 'morsach29@axeo.net', '', '', '', '', '', '', 1, 2, '2013-01-12 12:03:26', '0000-00-00 00:00:00'),
(538, 4, NULL, 'rodskel43', '7a3e9c4b6237ae0b402774fe9e453689', 'rodskel43@axeo.net', '', '', '', '', '', '', 1, 2, '2013-01-12 12:03:26', '0000-00-00 00:00:00'),
(539, 4, NULL, 'smocker80', '27ded065ef58f83ffd1048c4767d9471', 'smocker80@axeo.net', '', '', '', '', '', '', 1, 2, '2013-01-12 12:03:26', '0000-00-00 00:00:00'),
(540, 4, NULL, 'banroth62', 'd2a042826f3d07af090336ffdb34953c', 'banroth62@axeo.net', '', '', '', '', '', '', 1, 2, '2013-01-12 12:03:26', '0000-00-00 00:00:00'),
(541, 4, NULL, 'yerocer53', '76ae8d6cf62d997ac32adbb4799aaa94', 'yerocer53@axeo.net', '', '', '', '', '', '', 1, 2, '2013-01-12 12:03:26', '0000-00-00 00:00:00'),
(542, 4, NULL, 'dintald71', '7f327e0bf5bcd5c95e56ee2d6935e328', 'dintald71@axeo.net', '', '', '', '', '', '', 1, 2, '2013-01-12 12:03:26', '0000-00-00 00:00:00'),
(543, 4, NULL, 'adervor66', 'fdbd5f99e9855abc5c7ec0686ab08b23', 'adervor66@axeo.net', '', '', '', '', '', '', 1, 2, '2013-01-12 12:03:26', '0000-00-00 00:00:00'),
(544, 4, NULL, 'mosedar90', '5b1435f36217b34023de6c9542f9457d', 'mosedar90@axeo.net', '', '', '', '', '', '', 1, 2, '2013-01-12 12:03:26', '0000-00-00 00:00:00'),
(545, 4, NULL, 'yerocer69', 'fc1be738db2f20e644448554e077eaf6', 'yerocer69@axeo.net', '', '', '', '', '', '', 1, 2, '2013-01-12 12:03:26', '0000-00-00 00:00:00'),
(546, 4, NULL, 'wiartas86', '3ef4d786577470753d485c840fdde689', 'wiartas86@axeo.net', '', '', '', '', '', '', 1, 2, '2013-01-12 12:03:26', '0000-00-00 00:00:00'),
(547, 4, NULL, 'mos-dar52', 'f852b0461df577fe7bc7aa5bad42803c', 'mos-dar52@axeo.net', '', '', '', '', '', '', 1, 2, '2013-01-12 12:03:26', '0000-00-00 00:00:00'),
(548, 4, NULL, 'kyustum65', '02d8ae69065c451ed0e11cc4ab840b0d', 'kyustum65@axeo.net', '', '', '', '', '', '', 1, 2, '2013-01-12 12:03:26', '0000-00-00 00:00:00'),
(549, 4, NULL, 'esstasi15', '1f792dd012871e324025e5a9e2fc9bb4', 'esstasi15@axeo.net', '', '', '', '', '', '', 1, 2, '2013-01-12 12:03:26', '0000-00-00 00:00:00'),
(550, 4, NULL, 'athusky73', '2f1b38bf70b7e3c6d9137c8c57d7aa63', 'athusky73@axeo.net', '', '', '', '', '', '', 1, 2, '2013-01-12 12:03:26', '0000-00-00 00:00:00'),
(551, 4, NULL, 'skelton75', '35df9ed1f24e9a77e78ac7b84847b866', 'skelton75@axeo.net', '', '', '', '', '', '', 1, 2, '2013-01-12 12:03:26', '0000-00-00 00:00:00'),
(552, 4, NULL, 'samrily41', '719e7037fc8c8254953f723afcb47452', 'samrily41@axeo.net', '', '', '', '', '', '', 1, 2, '2013-01-12 12:03:26', '0000-00-00 00:00:00'),
(553, 4, NULL, 'cachust97', '487f3bba591e746f55f339f9945f5f51', 'cachust97@axeo.net', '', '', '', '', '', '', 1, 2, '2013-01-12 12:03:26', '0000-00-00 00:00:00'),
(554, 4, NULL, 'untaugh94', '795a01a9ca54a9a2758fea1837886ae8', 'untaugh94@axeo.net', '', '', '', '', '', '', 1, 2, '2013-01-12 12:03:26', '0000-00-00 00:00:00'),
(555, 4, NULL, 'smocker93', '9049b670c2a77161144715868c9600b8', 'smocker93@axeo.net', '', '', '', '', '', '', 1, 2, '2013-01-12 12:03:26', '0000-00-00 00:00:00'),
(556, 4, NULL, 'lorroth19', '049dd415e755a555a011c7b88d59887f', 'lorroth19@axeo.net', '', '', '', '', '', '', 1, 2, '2013-01-12 12:03:26', '0000-00-00 00:00:00'),
(557, 4, NULL, 'mosyina96', '4b17ef0338fca00bce7894a2a2c1fab3', 'mosyina96@axeo.net', '', '', '', '', '', '', 1, 2, '2013-01-12 12:03:26', '0000-00-00 00:00:00'),
(558, 4, NULL, 'goishem89', 'ac4ae9bce2615acbe817fa0898f358e5', 'goishem89@axeo.net', '', '', '', '', '', '', 1, 2, '2013-01-12 12:03:26', '0000-00-00 00:00:00'),
(559, 4, NULL, 'lerolda69', '16e9e0db9c27885b4a791b32fa026c00', 'lerolda69@axeo.net', '', '', '', '', '', '', 1, 2, '2013-01-12 12:03:26', '0000-00-00 00:00:00'),
(560, 4, NULL, 'boichat27', '1c51a92cfbc801b0516b4a22503a425f', 'boichat27@axeo.net', '', '', '', '', '', '', 1, 2, '2013-01-12 12:03:26', '0000-00-00 00:00:00'),
(561, 4, NULL, 'essaril54', '687192db361f8640c4ec103ac482071a', 'essaril54@axeo.net', '', '', '', '', '', '', 1, 2, '2013-01-12 12:03:26', '0000-00-00 00:00:00'),
(562, 4, NULL, 'chether27', 'f90f0c27547d1f35d34ba65fa36603bb', 'chether27@axeo.net', '', '', '', '', '', '', 1, 2, '2013-01-12 12:03:26', '0000-00-00 00:00:00'),
(563, 4, NULL, 'usteina69', 'c9dd59c61b99fbc77e350e842ade56f8', 'usteina69@axeo.net', '', '', '', '', '', '', 1, 2, '2013-01-12 12:03:26', '0000-00-00 00:00:00'),
(564, 4, NULL, 'untaugh88', '1b71ec1867478e2ca4e906c1882401bf', 'untaugh88@axeo.net', '', '', '', '', '', '', 1, 2, '2013-01-12 12:03:26', '0000-00-00 00:00:00'),
(565, 4, NULL, 'skelton46', '83077286f8bf4350637d67d24e8134cb', 'skelton46@axeo.net', '', '', '', '', '', '', 1, 2, '2013-01-12 12:03:26', '0000-00-00 00:00:00'),
(566, 4, NULL, 'ingyqua64', '8dd0977f8c14ea524f4affa4c1f7e567', 'ingyqua64@axeo.net', '', '', '', '', '', '', 1, 2, '2013-01-12 12:03:26', '0000-00-00 00:00:00'),
(567, 4, NULL, 'risdnys89', 'da5c8ab6dbf8456cdfa9c86ab6bbc091', 'risdnys89@axeo.net', '', '', '', '', '', '', 1, 2, '2013-01-12 12:03:26', '0000-00-00 00:00:00'),
(568, 4, NULL, 'banroth68', 'a5e8f51a8280615b5f0f59aa1ae99fef', 'banroth68@axeo.net', '', '', '', '', '', '', 1, 2, '2013-01-12 12:03:26', '0000-00-00 00:00:00'),
(569, 4, NULL, 'toniess33', '93345456a09a77b6780556eb7171cd6f', 'toniess33@axeo.net', '', '', '', '', '', '', 1, 2, '2013-01-12 12:03:26', '0000-00-00 00:00:00'),
(570, 4, NULL, 'crayden63', 'faa7cc843a1c15d7a2449afe29de09b3', 'crayden63@axeo.net', '', '', '', '', '', '', 1, 2, '2013-01-12 12:03:26', '0000-00-00 00:00:00'),
(571, 4, NULL, 'cheielm32', 'b9726b30b1c846204df85034d4b1a822', 'cheielm32@axeo.net', '', '', '', '', '', '', 1, 2, '2013-01-12 12:03:26', '0000-00-00 00:00:00'),
(572, 4, NULL, 'resavah24', '2d34c28d5abb383f4de0e68c583cd7e2', 'resavah24@axeo.net', '', '', '', '', '', '', 1, 2, '2013-01-12 12:03:26', '0000-00-00 00:00:00'),
(573, 4, NULL, 'lorinee15', '94a24ee3220c742f10746359707dd52e', 'lorinee15@axeo.net', '', '', '', '', '', '', 1, 2, '2013-01-12 12:03:26', '0000-00-00 00:00:00'),
(574, 4, NULL, 'resavah43', '7e57096a16f057b94839fe6f68d5061d', 'resavah43@axeo.net', '', '', '', '', '', '', 1, 2, '2013-01-12 12:03:26', '0000-00-00 00:00:00'),
(575, 4, NULL, 'mosedar45', '207875a22abce0546fc0c86e03967dbe', 'mosedar45@axeo.net', '', '', '', '', '', '', 1, 2, '2013-01-12 12:03:26', '0000-00-00 00:00:00'),
(576, 4, NULL, 'duanper27', '03a4b2757538454c90b6a8f4e14758c8', 'duanper27@axeo.net', '', '', '', '', '', '', 1, 2, '2013-01-12 12:03:26', '0000-00-00 00:00:00'),
(577, 4, NULL, 'torccer25', 'b9a77ccbfd1ad6665152be4910bee2d6', 'torccer25@axeo.net', '', '', '', '', '', '', 1, 2, '2013-01-12 12:03:26', '0000-00-00 00:00:00'),
(578, 4, NULL, 'skelton99', '95c5cd82173d63a955f65a623562a981', 'skelton99@axeo.net', '', '', '', '', '', '', 1, 2, '2013-01-12 12:03:26', '0000-00-00 00:00:00'),
(579, 4, NULL, 'chroler42', '1df73fc47f8168991dac5aa4e5dc63c6', 'chroler42@axeo.net', '', '', '', '', '', '', 1, 2, '2013-01-12 12:03:26', '0000-00-00 00:00:00'),
(580, 4, NULL, 'vernban22', '6e6ef641feb965aed83211b9d475e1fe', 'vernban22@axeo.net', '', '', '', '', '', '', 1, 2, '2013-01-12 12:03:26', '0000-00-00 00:00:00'),
(581, 4, NULL, 'essathy10', '1491f5c935dc9670588533ae88b94951', 'essathy10@axeo.net', '', '', '', '', '', '', 1, 2, '2013-01-12 12:03:26', '0000-00-00 00:00:00'),
(582, 4, NULL, 'kintasi52', '2e92c1abfe9fda470d9d5da1500c588c', 'kintasi52@axeo.net', '', '', '', '', '', '', 1, 2, '2013-01-12 12:03:26', '0000-00-00 00:00:00'),
(583, 4, NULL, 'nalnalo86', '0bee5e8f647cb11a614c14bb213c09e4', 'nalnalo86@axeo.net', '', '', '', '', '', '', 1, 2, '2013-01-12 12:03:26', '0000-00-00 00:00:00'),
(584, 4, NULL, 'hiniest75', '5cf8ae08683b21d2ae0b58605fd3bb5a', 'hiniest75@axeo.net', '', '', '', '', '', '', 1, 2, '2013-01-12 12:03:26', '0000-00-00 00:00:00'),
(585, 4, NULL, 'athusky87', '744a3b859013a1f325c4648960746d2a', 'athusky87@axeo.net', '', '', '', '', '', '', 1, 2, '2013-01-12 12:03:26', '0000-00-00 00:00:00'),
(586, 4, NULL, 'kintasi87', '22b0d5a2d2967476ceb6b2a9e39faffb', 'kintasi87@axeo.net', '', '', '', '', '', '', 1, 2, '2013-01-12 12:03:26', '0000-00-00 00:00:00'),
(587, 4, NULL, 'daninea63', 'bdcbb1b832727a329463097aab039b00', 'daninea63@axeo.net', '', '', '', '', '', '', 1, 2, '2013-01-12 12:03:26', '0000-00-00 00:00:00'),
(588, 4, NULL, 'gauding91', '9336e0f7de0841fa1c8a14a0a0434708', 'gauding91@axeo.net', '', '', '', '', '', '', 1, 2, '2013-01-12 12:03:26', '0000-00-00 00:00:00'),
(589, 4, NULL, 'kinugar67', 'b2049a4374a1207372f588d048a0e692', 'kinugar67@axeo.net', '', '', '', '', '', '', 1, 2, '2013-01-12 12:03:26', '0000-00-00 00:00:00'),
(590, 4, NULL, 'nyimash58', '6332dc5560c872f79a0ec307b0ca784f', 'nyimash58@axeo.net', '', '', '', '', '', '', 1, 2, '2013-01-12 12:03:26', '0000-00-00 00:00:00'),
(591, 4, NULL, 'angyage47', 'fda0c009d89ae2d3171457af68e89ab7', 'angyage47@axeo.net', '', '', '', '', '', '', 1, 2, '2013-01-12 12:03:26', '0000-00-00 00:00:00'),
(592, 4, NULL, 'skelton15', '404aad65c7858b2f98985b47e42780f3', 'skelton15@axeo.net', '', '', '', '', '', '', 1, 2, '2013-01-12 12:03:26', '0000-00-00 00:00:00'),
(593, 4, NULL, 'streell34', '0b49a9e510a95fb80e96e92cbd4cff6c', 'streell34@axeo.net', '', '', '', '', '', '', 1, 2, '2013-01-12 12:03:26', '0000-00-00 00:00:00'),
(594, 4, NULL, 'dilnsul61', '26bd53f2d26ef5908963717f37e8672b', 'dilnsul61@axeo.net', '', '', '', '', '', '', 1, 2, '2013-01-12 12:03:26', '0000-00-00 00:00:00'),
(595, 4, NULL, 'usteina91', '305f572c6f286437a682df266304a228', 'usteina91@axeo.net', '', '', '', '', '', '', 1, 2, '2013-01-12 12:03:26', '0000-00-00 00:00:00'),
(596, 4, NULL, 'engnyer59', 'b0231f8b59b70a36e6bd2d371988281e', 'engnyer59@axeo.net', '', '', '', '', '', '', 1, 2, '2013-01-12 12:03:26', '0000-00-00 00:00:00'),
(597, 4, NULL, 'denayer64', 'f5a453862157e25278dcb8f4403854cb', 'denayer64@axeo.net', '', '', '', '', '', '', 1, 2, '2013-01-12 12:03:26', '0000-00-00 00:00:00'),
(598, 4, NULL, 'gauding80', 'f40a7fb7b224314028c1d42b4c89b6ce', 'gauding80@axeo.net', '', '', '', '', '', '', 1, 2, '2013-01-12 12:03:26', '0000-00-00 00:00:00'),
(599, 4, NULL, 'goishem36', 'd8c4812da68f68a575e2e9fdf1ef1021', 'goishem36@axeo.net', '', '', '', '', '', '', 1, 2, '2013-01-12 12:03:26', '0000-00-00 00:00:00'),
(600, 4, NULL, 'ightray74', '2bce8040923b0c150335fb3c11ada332', 'ightray74@axeo.net', '', '', '', '', '', '', 1, 2, '2013-01-12 12:03:26', '0000-00-00 00:00:00'),
(601, 4, NULL, 'warnhat97', '78540bacbd92ea3b508ec0a6afe2f048', 'warnhat97@axeo.net', '', '', '', '', '', '', 1, 2, '2013-01-12 12:03:26', '0000-00-00 00:00:00'),
(602, 4, NULL, 'draeste48', '418e453e43c86976458c271ee5593e1b', 'draeste48@axeo.net', '', '', '', '', '', '', 1, 2, '2013-01-12 12:03:26', '0000-00-00 00:00:00'),
(603, 4, NULL, 'adervor77', '4c4667f9c3ad3e24a6981257ec05b2e7', 'adervor77@axeo.net', '', '', '', '', '', '', 1, 2, '2013-01-12 12:03:26', '0000-00-00 00:00:00'),
(604, 4, NULL, 'therald44', '2f3b3e02687d604fefe2fbfaadd62a28', 'therald44@axeo.net', '', '', '', '', '', '', 1, 2, '2013-01-12 12:03:26', '0000-00-00 00:00:00'),
(605, 4, NULL, 'reyhage25', '6029d5d1149c16ec27f867f075ad0c55', 'reyhage25@axeo.net', '', '', '', '', '', '', 1, 2, '2013-01-12 12:03:26', '0000-00-00 00:00:00'),
(606, 4, NULL, 'samrily60', '04af2ca6c7feb7011345a048e4ae0873', 'samrily60@axeo.net', '', '', '', '', '', '', 1, 2, '2013-01-12 12:03:26', '0000-00-00 00:00:00'),
(607, 4, NULL, 'rilight81', 'edf5a011d75a8b244178cee735b25329', 'rilight81@axeo.net', '', '', '', '', '', '', 1, 2, '2013-01-12 12:03:26', '0000-00-00 00:00:00'),
(608, 4, NULL, 'rannyem39', '00d0dee7e6ef7a04e7cdd047027e80c4', 'rannyem39@axeo.net', '', '', '', '', '', '', 1, 2, '2013-01-12 12:03:26', '0000-00-00 00:00:00'),
(609, 4, NULL, 'brischa69', '107cb40949866551a1afc245c770cb05', 'brischa69@axeo.net', '', '', '', '', '', '', 1, 2, '2013-01-12 12:03:26', '0000-00-00 00:00:00'),
(610, 4, NULL, 'essaril86', '406d2f7f7dd0c475b6371c232c123b0e', 'essaril86@axeo.net', '', '', '', '', '', '', 1, 2, '2013-01-12 12:03:26', '0000-00-00 00:00:00'),
(611, 4, NULL, 'cindeld26', 'dd2491bb3cc2d48bd1a688612ef0776c', 'cindeld26@axeo.net', '', '', '', '', '', '', 1, 2, '2013-01-12 12:03:26', '0000-00-00 00:00:00'),
(612, 4, NULL, 'mos-dar51', '4953e78b82bc0a56b619d99e49edba37', 'mos-dar51@axeo.net', '', '', '', '', '', '', 1, 2, '2013-01-12 12:03:26', '0000-00-00 00:00:00'),
(613, 4, NULL, 'vorarad61', '2daac01dcc4c59329a3576c84b7e1ffb', 'vorarad61@axeo.net', '', '', '', '', '', '', 1, 2, '2013-01-12 12:03:26', '0000-00-00 00:00:00'),
(614, 4, NULL, 'draeste82', '18e0f27c2dbadf76f844f0875d2db2c0', 'draeste82@axeo.net', '', '', '', '', '', '', 1, 2, '2013-01-12 12:03:26', '0000-00-00 00:00:00'),
(615, 4, NULL, 'essohin90', '2aadabe770f4f0957c01049031c945cc', 'essohin90@axeo.net', '', '', '', '', '', '', 1, 2, '2013-01-12 12:03:26', '0000-00-00 00:00:00'),
(616, 4, NULL, 'ingroth25', 'f8ba080f564e2ef45d34b2c88844c8d3', 'ingroth25@axeo.net', '', '', '', '', '', '', 1, 2, '2013-01-12 12:03:26', '0000-00-00 00:00:00'),
(617, 4, NULL, 'essohin32', '45fbed704e5361eb3806b421f7c3c4da', 'essohin32@axeo.net', '', '', '', '', '', '', 1, 2, '2013-01-12 12:03:26', '0000-00-00 00:00:00'),
(618, 4, NULL, 'bitasen62', '8fa2e6c49cdb3fbe007e52e0a4614603', 'bitasen62@axeo.net', '', '', '', '', '', '', 1, 2, '2013-01-12 12:03:26', '0000-00-00 00:00:00'),
(619, 4, NULL, 'poehmos54', 'cdc7548e273232aa02d5779a8558f38e', 'poehmos54@axeo.net', '', '', '', '', '', '', 1, 2, '2013-01-12 12:03:26', '0000-00-00 00:00:00'),
(620, 4, NULL, 'raklang95', '4eec2f775d457ea505f2a6ef0ca0c8b9', 'raklang95@axeo.net', '', '', '', '', '', '', 1, 2, '2013-01-12 12:03:26', '0000-00-00 00:00:00'),
(621, 4, NULL, 'ingiris50', '7ab9348d47e483ffa9c0ac4ebcb46a4a', 'ingiris50@axeo.net', '', '', '', '', '', '', 1, 2, '2013-01-12 12:03:26', '0000-00-00 00:00:00'),
(622, 4, NULL, 'perhini46', '76e7851a41c5141eea81b44a4c44852a', 'perhini46@axeo.net', '', '', '', '', '', '', 1, 2, '2013-01-12 12:03:26', '0000-00-00 00:00:00'),
(623, 4, NULL, 'streell20', 'b68f6cfd5db53441c54522342e8a8202', 'streell20@axeo.net', '', '', '', '', '', '', 1, 2, '2013-01-12 12:03:26', '0000-00-00 00:00:00');
INSERT INTO `users` (`id`, `office_id`, `role_id`, `username`, `password`, `email`, `first_name`, `middle_name`, `last_name`, `phone`, `address`, `skype`, `active`, `level`, `created_time`, `updated_time`) VALUES
(624, 4, NULL, 'kauwhon52', 'b8ff409164e11c524383798d47145fa9', 'kauwhon52@axeo.net', '', '', '', '', '', '', 1, 2, '2013-01-12 12:03:26', '0000-00-00 00:00:00'),
(625, 4, NULL, 'boichat28', 'e92410b03f4f8c4a34bb50ca460f7834', 'boichat28@axeo.net', '', '', '', '', '', '', 1, 2, '2013-01-12 12:03:26', '0000-00-00 00:00:00'),
(626, 4, NULL, 'loiryer39', '8b42483552621d7d674a3197f8a40b17', 'loiryer39@axeo.net', '', '', '', '', '', '', 1, 2, '2013-01-12 12:03:26', '0000-00-00 00:00:00'),
(627, 4, NULL, 'gyimnys50', 'de1afd79660cecfd90e54e6099788aed', 'gyimnys50@axeo.net', '', '', '', '', '', '', 1, 2, '2013-01-12 12:03:26', '0000-00-00 00:00:00'),
(628, 4, NULL, 'daninea76', '0dd23aec55ced28de93c29ba31a46f4f', 'daninea76@axeo.net', '', '', '', '', '', '', 1, 2, '2013-01-12 12:03:26', '0000-00-00 00:00:00'),
(629, 4, NULL, 'hoosdan77', 'bb797c6863e4320851e306b497d32277', 'hoosdan77@axeo.net', '', '', '', '', '', '', 1, 2, '2013-01-12 12:03:26', '0000-00-00 00:00:00'),
(630, 4, NULL, 'ashathi12', 'b5061160c5ad17b32e2d493ca08a9465', 'ashathi12@axeo.net', '', '', '', '', '', '', 1, 2, '2013-01-12 12:03:26', '0000-00-00 00:00:00'),
(631, 4, NULL, 'vorusky29', '0076764e417314886e50daa6f46b2dfc', 'vorusky29@axeo.net', '', '', '', '', '', '', 1, 2, '2013-01-12 12:03:26', '0000-00-00 00:00:00'),
(632, 4, NULL, 'lyeporm68', '150ece8eafa72662b5dcf9cad7ceae7f', 'lyeporm68@axeo.net', '', '', '', '', '', '', 1, 2, '2013-01-12 12:03:26', '0000-00-00 00:00:00'),
(633, 4, NULL, 'vesdris43', '2212e2e545fc6d54a9ccbf201a33f574', 'vesdris43@axeo.net', '', '', '', '', '', '', 1, 2, '2013-01-12 12:03:26', '0000-00-00 00:00:00'),
(634, 4, NULL, 'adervor50', '2f2c2de64051c88b62f1a9db5575ca0b', 'adervor50@axeo.net', '', '', '', '', '', '', 1, 2, '2013-01-12 12:03:26', '0000-00-00 00:00:00'),
(635, 4, NULL, 'usteina27', '12a067738b9cd043ef79860db671dbe5', 'usteina27@axeo.net', '', '', '', '', '', '', 1, 2, '2013-01-12 12:03:26', '0000-00-00 00:00:00'),
(636, 4, NULL, 'untaugh72', 'e170042ced7205077df798562e254937', 'untaugh72@axeo.net', '', '', '', '', '', '', 1, 2, '2013-01-12 12:03:26', '0000-00-00 00:00:00'),
(637, 4, NULL, 'essaril52', 'ac1b7fa8e412e83ded9ba66ca29619a8', 'essaril52@axeo.net', '', '', '', '', '', '', 1, 2, '2013-01-12 12:03:27', '0000-00-00 00:00:00'),
(638, 4, NULL, 'rothris66', '793b22507fd691cc0d23120f05cefcd6', 'rothris66@axeo.net', '', '', '', '', '', '', 1, 2, '2013-01-12 12:03:27', '0000-00-00 00:00:00'),
(639, 4, NULL, 'perdani46', '4a6a4f7ede0482c66f6a2aabbf2fbdcb', 'perdani46@axeo.net', '', '', '', '', '', '', 1, 2, '2013-01-12 12:03:27', '0000-00-00 00:00:00'),
(640, 4, NULL, 'essathy93', '108c94152a9dfcf43ff5afc0dceca937', 'essathy93@axeo.net', '', '', '', '', '', '', 1, 2, '2013-01-12 12:03:27', '0000-00-00 00:00:00'),
(641, 4, NULL, 'angyage60', 'a31180b63580c6b5cde8bc860055fecd', 'angyage60@axeo.net', '', '', '', '', '', '', 1, 2, '2013-01-12 12:03:27', '0000-00-00 00:00:00'),
(642, 4, NULL, 'nalald26', '927391c3a0bcebce0e3fba50d2e2dda2', 'nalald26@axeo.net', '', '', '', '', '', '', 1, 2, '2013-01-12 12:03:27', '0000-00-00 00:00:00'),
(643, 4, NULL, 'reyhage63', 'ef1dda692ab9d923acd67751b8745641', 'reyhage63@axeo.net', '', '', '', '', '', '', 1, 2, '2013-01-12 12:03:27', '0000-00-00 00:00:00'),
(644, 4, NULL, 'perhini98', 'eef7656ffcb6da1f2d72fe0691c621aa', 'perhini98@axeo.net', '', '', '', '', '', '', 1, 2, '2013-01-12 12:03:27', '0000-00-00 00:00:00'),
(645, 4, NULL, 'therkin74', '0bbcee81b02050825f7efc30120824cb', 'therkin74@axeo.net', '', '', '', '', '', '', 1, 2, '2013-01-12 12:03:27', '0000-00-00 00:00:00'),
(646, 4, NULL, 'thryqua46', '95cfc92fbfc6f2722b9aee8d90bd88d1', 'thryqua46@axeo.net', '', '', '', '', '', '', 1, 2, '2013-01-12 12:03:27', '0000-00-00 00:00:00'),
(647, 4, NULL, 'daninea68', 'bed2291b41f3e02c2a6bce4d627bd77f', 'daninea68@axeo.net', '', '', '', '', '', '', 1, 2, '2013-01-12 12:03:27', '0000-00-00 00:00:00'),
(648, 4, NULL, 'boichat25', 'a983a79cbaf9bf0f34f6872fa4af0764', 'boichat25@axeo.net', '', '', '', '', '', '', 1, 2, '2013-01-12 12:03:27', '0000-00-00 00:00:00'),
(649, 4, NULL, 'chether67', '7d8df088eda8857b67582c18b3d93dea', 'chether67@axeo.net', '', '', '', '', '', '', 1, 2, '2013-01-12 12:03:27', '0000-00-00 00:00:00'),
(650, 4, NULL, 'kiniach10', '9829d90c9d45478dc50981ecb3ba5f49', 'kiniach10@axeo.net', '', '', '', '', '', '', 1, 2, '2013-01-12 12:03:27', '0000-00-00 00:00:00'),
(651, 4, NULL, 'agexrod33', '5c33a0cfe6e5346d0c707a6c41e4b5cb', 'agexrod33@axeo.net', '', '', '', '', '', '', 1, 2, '2013-01-12 12:03:27', '0000-00-00 00:00:00'),
(652, 4, NULL, 'kalsay51', '0ecb1b73d011a5133c35301719848011', 'kalsay51@axeo.net', '', '', '', '', '', '', 1, 2, '2013-01-12 12:03:27', '0000-00-00 00:00:00'),
(653, 4, NULL, 'cheielm62', '1f8a9e3008cd747093a4b9cf1c3c19e7', 'cheielm62@axeo.net', '', '', '', '', '', '', 1, 2, '2013-01-12 12:03:27', '0000-00-00 00:00:00'),
(654, 4, NULL, 'yerough62', 'e207e9f916c21f6cb31cbcf927a667fc', 'yerough62@axeo.net', '', '', '', '', '', '', 1, 2, '2013-01-12 12:03:27', '0000-00-00 00:00:00'),
(655, 4, NULL, 'gyimnys26', 'a3af76ffe49c3844e35bc49a06ebd48c', 'gyimnys26@axeo.net', '', '', '', '', '', '', 1, 2, '2013-01-12 12:03:27', '0000-00-00 00:00:00'),
(656, 4, NULL, 'esstasi10', 'cfcbd875450b04011e347b2bf325a96a', 'esstasi10@axeo.net', '', '', '', '', '', '', 1, 2, '2013-01-12 12:03:27', '0000-00-00 00:00:00'),
(657, 4, NULL, 'hoosdan85', 'ea6869df3d349d0bb0d315e7f5f8df63', 'hoosdan85@axeo.net', '', '', '', '', '', '', 1, 2, '2013-01-12 12:03:27', '0000-00-00 00:00:00'),
(658, 4, NULL, 'threysh59', '56600bb00a136809e80f5f8e1d2d7da3', 'threysh59@axeo.net', '', '', '', '', '', '', 1, 2, '2013-01-12 12:03:27', '0000-00-00 00:00:00'),
(659, 4, NULL, 'vorusky78', 'deb80659e745d506452c46f2de07ff85', 'vorusky78@axeo.net', '', '', '', '', '', '', 1, 2, '2013-01-12 12:03:27', '0000-00-00 00:00:00'),
(660, 4, NULL, 'rannyem54', '3527e88d3c0b8ff6e65ae80a16db3c89', 'rannyem54@axeo.net', '', '', '', '', '', '', 1, 2, '2013-01-12 12:03:27', '0000-00-00 00:00:00'),
(661, 4, NULL, 'mosyina75', '0a962941e4e25ac9cf8e210594ec2a13', 'mosyina75@axeo.net', '', '', '', '', '', '', 1, 2, '2013-01-12 12:03:27', '0000-00-00 00:00:00'),
(662, 4, NULL, 'poehmos69', 'c13e6640aab2448d0f97c66f3d0b0e62', 'poehmos69@axeo.net', '', '', '', '', '', '', 1, 2, '2013-01-12 12:03:27', '0000-00-00 00:00:00'),
(663, 4, NULL, 'tanesto64', '5e145e27a2ae7a534ed36a504a9e9019', 'tanesto64@axeo.net', '', '', '', '', '', '', 1, 2, '2013-01-12 12:03:27', '0000-00-00 00:00:00'),
(664, 4, NULL, 'therkin48', '5062e8cebce368c8c045a66c375a1479', 'therkin48@axeo.net', '', '', '', '', '', '', 1, 2, '2013-01-12 12:03:27', '0000-00-00 00:00:00'),
(665, 4, NULL, 'athusky98', '0e087620e024a73a7c558a09af5965f3', 'athusky98@axeo.net', '', '', '', '', '', '', 1, 2, '2013-01-12 12:03:27', '0000-00-00 00:00:00'),
(666, 4, NULL, 'jeawang74', 'e538cdd215a78c314170ae8a4d992357', 'jeawang74@axeo.net', '', '', '', '', '', '', 1, 2, '2013-01-12 12:03:27', '0000-00-00 00:00:00'),
(667, 4, NULL, 'denayer98', '104d9e76d488945b10e4fa6626ded64e', 'denayer98@axeo.net', '', '', '', '', '', '', 1, 2, '2013-01-12 12:03:27', '0000-00-00 00:00:00'),
(668, 4, NULL, 'tondynu10', 'f45623a8b15ba95cc4afeb11c01e1fc7', 'tondynu10@axeo.net', '', '', '', '', '', '', 1, 2, '2013-01-12 12:03:27', '0000-00-00 00:00:00'),
(669, 4, NULL, 'duigtas93', 'e6a32d6fc20faaccf22bd1b5ebcbfa2e', 'duigtas93@axeo.net', '', '', '', '', '', '', 1, 2, '2013-01-12 12:03:27', '0000-00-00 00:00:00'),
(670, 4, NULL, 'perdani86', 'd5a0e333236d421b7234f518d39a5876', 'perdani86@axeo.net', '', '', '', '', '', '', 1, 2, '2013-01-12 12:03:27', '0000-00-00 00:00:00'),
(671, 4, NULL, 'kiniach93', 'b97f246e72f3c29752510ac989f134fe', 'kiniach93@axeo.net', '', '', '', '', '', '', 1, 2, '2013-01-12 12:03:27', '0000-00-00 00:00:00'),
(672, 4, NULL, 'shentan12', '1c4f0fb59695dd26cdcd90d9f244fb26', 'shentan12@axeo.net', '', '', '', '', '', '', 1, 2, '2013-01-12 12:03:27', '0000-00-00 00:00:00'),
(673, 4, NULL, 'jeawang98', 'ec198f4b2e1c42bef99ae5063b03ef2a', 'jeawang98@axeo.net', '', '', '', '', '', '', 1, 2, '2013-01-12 12:03:27', '0000-00-00 00:00:00'),
(674, 4, NULL, 'tinldyn90', 'a4080ae8632dc2d80abc631a668de27d', 'tinldyn90@axeo.net', '', '', '', '', '', '', 1, 2, '2013-01-12 12:03:27', '0000-00-00 00:00:00'),
(675, 4, NULL, 'risuiss57', 'b146b933440b8093ef0a422f7cc51696', 'risuiss57@axeo.net', '', '', '', '', '', '', 1, 2, '2013-01-12 12:03:27', '0000-00-00 00:00:00'),
(676, 4, NULL, 'kyustum75', '5f938af36367b250a622bb9e73e2ba3c', 'kyustum75@axeo.net', '', '', '', '', '', '', 1, 2, '2013-01-12 12:03:27', '0000-00-00 00:00:00'),
(677, 4, NULL, 'percorm65', '0f20b6a1f23a3bd14de274f98b8eac4a', 'percorm65@axeo.net', '', '', '', '', '', '', 1, 2, '2013-01-12 12:03:27', '0000-00-00 00:00:00'),
(678, 4, NULL, 'dilnsul41', 'ecec839a750eb2f1e6ed5bf9a69301d0', 'dilnsul41@axeo.net', '', '', '', '', '', '', 1, 2, '2013-01-12 12:03:27', '0000-00-00 00:00:00'),
(679, 4, NULL, 'duigtas70', 'a1b2d6801ab92bb3a875ab9877d8faa5', 'duigtas70@axeo.net', '', '', '', '', '', '', 1, 2, '2013-01-12 12:03:27', '0000-00-00 00:00:00'),
(680, 4, NULL, 'boichat75', '9d96443fc02664247a8eaeb8325f9427', 'boichat75@axeo.net', '', '', '', '', '', '', 1, 2, '2013-01-12 12:03:27', '0000-00-00 00:00:00'),
(681, 4, NULL, 'threysh79', '6a06c4b8cff1c309cbe6ef0f8bc0e4be', 'threysh79@axeo.net', '', '', '', '', '', '', 1, 2, '2013-01-12 12:03:27', '0000-00-00 00:00:00'),
(682, 4, NULL, 'vorarad52', '0d6f5104cb8b7af0067e579d11db4d8c', 'vorarad52@axeo.net', '', '', '', '', '', '', 1, 2, '2013-01-12 12:03:27', '0000-00-00 00:00:00'),
(683, 4, NULL, 'smocker79', '885c85467982aee4a03b255926c180cb', 'smocker79@axeo.net', '', '', '', '', '', '', 1, 2, '2013-01-12 12:03:27', '0000-00-00 00:00:00'),
(684, 4, NULL, 'kyustum89', 'fa6b3ce4a82da5ae8a0ca50d8ca9ae15', 'kyustum89@axeo.net', '', '', '', '', '', '', 1, 2, '2013-01-12 12:03:27', '0000-00-00 00:00:00'),
(685, 4, NULL, 'yerocer66', '2041aab358ed44592d3b9416e00eff4a', 'yerocer66@axeo.net', '', '', '', '', '', '', 1, 2, '2013-01-12 12:03:27', '0000-00-00 00:00:00'),
(686, 4, NULL, 'ustorme43', '636e7261557dc1e79fc52182f27465fe', 'ustorme43@axeo.net', '', '', '', '', '', '', 1, 2, '2013-01-12 12:03:27', '0000-00-00 00:00:00'),
(687, 4, NULL, 'angther75', '3de4f600550f3658835533999c9057e8', 'angther75@axeo.net', '', '', '', '', '', '', 1, 2, '2013-01-12 12:03:27', '0000-00-00 00:00:00'),
(688, 4, NULL, 'threysh90', '7b44f430e93e8fc2450c689e8d6e7508', 'threysh90@axeo.net', '', '', '', '', '', '', 1, 2, '2013-01-12 12:03:27', '0000-00-00 00:00:00'),
(689, 4, NULL, 'agexrod60', '3fa1cccd45fde8daec48d02406676fda', 'agexrod60@axeo.net', '', '', '', '', '', '', 1, 2, '2013-01-12 12:03:27', '0000-00-00 00:00:00'),
(690, 4, NULL, 'rilvore12', 'c30b7132477ff73bbbbfb480ffc8a8b7', 'rilvore12@axeo.net', '', '', '', '', '', '', 1, 2, '2013-01-12 12:03:27', '0000-00-00 00:00:00'),
(691, 4, NULL, 'taitild38', '0d0e7f438eaa2e02e6d9853fcd5478e7', 'taitild38@axeo.net', '', '', '', '', '', '', 1, 2, '2013-01-12 12:03:27', '0000-00-00 00:00:00'),
(692, 4, NULL, 'smocker16', 'aa740b1284d83e4169b4175711c6e12c', 'smocker16@axeo.net', '', '', '', '', '', '', 1, 2, '2013-01-12 12:03:27', '0000-00-00 00:00:00'),
(693, 4, NULL, 'bitasen21', '4e91cbe7e6077e9456ef7dee0fb54d25', 'bitasen21@axeo.net', '', '', '', '', '', '', 1, 2, '2013-01-12 12:03:27', '0000-00-00 00:00:00'),
(694, 4, NULL, 'quefrak37', 'a21e3c4a9859ca62f89b483313d2e77a', 'quefrak37@axeo.net', '', '', '', '', '', '', 1, 2, '2013-01-12 12:03:27', '0000-00-00 00:00:00'),
(695, 4, NULL, 'agexrod78', 'dfe78a7093936bc2bc07a44173d9652c', 'agexrod78@axeo.net', '', '', '', '', '', '', 1, 2, '2013-01-12 12:03:27', '0000-00-00 00:00:00'),
(696, 4, NULL, 'hiniest64', '22953bc713f4404c21c459b0c0284b07', 'hiniest64@axeo.net', '', '', '', '', '', '', 1, 2, '2013-01-12 12:03:27', '0000-00-00 00:00:00'),
(697, 4, NULL, 'wheirem53', '5dbdb90bb4cf4e9656eff08325a1515e', 'wheirem53@axeo.net', '', '', '', '', '', '', 1, 2, '2013-01-12 12:03:27', '0000-00-00 00:00:00'),
(698, 4, NULL, 'threysh86', 'f23a17ef546e60d3f2e43e2565d9f0e2', 'threysh86@axeo.net', '', '', '', '', '', '', 1, 2, '2013-01-12 12:03:27', '0000-00-00 00:00:00'),
(699, 4, NULL, 'samrily72', '256fb5742948f5dff27046f7ba5400b5', 'samrily72@axeo.net', '', '', '', '', '', '', 1, 2, '2013-01-12 12:03:27', '0000-00-00 00:00:00'),
(700, 4, NULL, 'mos-dar19', '097b74964438fd6821f8e97fe2258949', 'mos-dar19@axeo.net', '', '', '', '', '', '', 1, 2, '2013-01-12 12:03:27', '0000-00-00 00:00:00'),
(701, 4, NULL, 'brischa64', '0c1f942aa5ee241945a449c1a59827ff', 'brischa64@axeo.net', '', '', '', '', '', '', 1, 2, '2013-01-12 12:03:27', '0000-00-00 00:00:00'),
(702, 4, NULL, 'dynawar50', '2d06f5c04d0ba87a04d238ad1dcc2956', 'dynawar50@axeo.net', '', '', '', '', '', '', 1, 2, '2013-01-12 12:03:27', '0000-00-00 00:00:00'),
(703, 4, NULL, 'kinugar12', '140655182e7213bda4363feb0344b66d', 'kinugar12@axeo.net', '', '', '', '', '', '', 1, 2, '2013-01-12 12:03:27', '0000-00-00 00:00:00'),
(704, 4, NULL, 'tinldyn26', 'a617060dbf2860d3e130980b3d94c43a', 'tinldyn26@axeo.net', '', '', '', '', '', '', 1, 2, '2013-01-12 12:03:27', '0000-00-00 00:00:00'),
(705, 4, NULL, 'lerolda86', '436807b819c9741cd136e5f8cb2abc38', 'lerolda86@axeo.net', '', '', '', '', '', '', 1, 2, '2013-01-12 12:03:27', '0000-00-00 00:00:00'),
(706, 4, NULL, 'lyeporm84', '03f58ce2e07aedd011488985b3d130a7', 'lyeporm84@axeo.net', '', '', '', '', '', '', 1, 2, '2013-01-12 12:03:27', '0000-00-00 00:00:00'),
(707, 4, NULL, 'streell95', 'e118602a91ce094c22433ba5586cb350', 'streell95@axeo.net', '', '', '', '', '', '', 1, 2, '2013-01-12 12:03:27', '0000-00-00 00:00:00'),
(708, 4, NULL, 'essaril69', 'c39a257cca5dd77bc0da4167c9d7f858', 'essaril69@axeo.net', '', '', '', '', '', '', 1, 2, '2013-01-12 12:03:27', '0000-00-00 00:00:00'),
(709, 4, NULL, 'kintasi37', 'ad06c60e1bc5da9d22afbd2b19e9eef9', 'kintasi37@axeo.net', '', '', '', '', '', '', 1, 2, '2013-01-12 12:03:27', '0000-00-00 00:00:00'),
(710, 4, NULL, 'mos-dar12', '2011fb743e328a81db326827d236de75', 'mos-dar12@axeo.net', '', '', '', '', '', '', 1, 2, '2013-01-12 12:03:27', '0000-00-00 00:00:00'),
(711, 4, NULL, 'kauwhon10', '6569596621c970db039668cf79671486', 'kauwhon10@axeo.net', '', '', '', '', '', '', 1, 2, '2013-01-12 12:03:27', '0000-00-00 00:00:00'),
(712, 4, NULL, 'lyeporm24', '3be0ed9318b58a27ed418d31cb751c2c', 'lyeporm24@axeo.net', '', '', '', '', '', '', 1, 2, '2013-01-12 12:03:27', '0000-00-00 00:00:00'),
(713, 4, NULL, 'vesxrod86', '5d1c2e1e63786202153dab28bf59d67c', 'vesxrod86@axeo.net', '', '', '', '', '', '', 1, 2, '2013-01-12 12:03:27', '0000-00-00 00:00:00'),
(714, 4, NULL, 'lerolda89', 'afe22009ff8268a320bac1e402e66af1', 'lerolda89@axeo.net', '', '', '', '', '', '', 1, 2, '2013-01-12 12:03:27', '0000-00-00 00:00:00'),
(715, 4, NULL, 'ustselm51', '6180c915ee5e1d0ef8d98ad9a6a73235', 'ustselm51@axeo.net', '', '', '', '', '', '', 1, 2, '2013-01-12 12:03:27', '0000-00-00 00:00:00'),
(716, 4, NULL, 'brischa48', 'e91b43f0d01631f09616be0f5f7892a5', 'brischa48@axeo.net', '', '', '', '', '', '', 1, 2, '2013-01-12 12:03:27', '0000-00-00 00:00:00'),
(717, 4, NULL, 'kauwhon13', '357585925b92aee8ded143f8b0a956ce', 'kauwhon13@axeo.net', '', '', '', '', '', '', 1, 2, '2013-01-12 12:03:27', '0000-00-00 00:00:00'),
(718, 4, NULL, 'vorarad58', '408f2eab373170366fed7d8c169a778d', 'vorarad58@axeo.net', '', '', '', '', '', '', 1, 2, '2013-01-12 12:03:27', '0000-00-00 00:00:00'),
(719, 4, NULL, 'lychust94', 'd08cc95b2bc9b7d3718591e36af79632', 'lychust94@axeo.net', '', '', '', '', '', '', 1, 2, '2013-01-12 12:03:27', '0000-00-00 00:00:00'),
(720, 4, NULL, 'blatyer30', 'a72ba8500c02d1fe273a66ab60c030e2', 'blatyer30@axeo.net', '', '', '', '', '', '', 1, 2, '2013-01-12 12:03:27', '0000-00-00 00:00:00'),
(721, 4, NULL, 'iaturor93', '3851fbf5076f019878be193d70765598', 'iaturor93@axeo.net', '', '', '', '', '', '', 1, 2, '2013-01-12 12:03:27', '0000-00-00 00:00:00'),
(722, 4, NULL, 'reyhage56', 'd10376270cc85025a48165f201025dd0', 'reyhage56@axeo.net', '', '', '', '', '', '', 1, 2, '2013-01-12 12:03:27', '0000-00-00 00:00:00'),
(723, 4, NULL, 'vorarad56', '6e031f26c6050a8301c5bd946acb8ff2', 'vorarad56@axeo.net', '', '', '', '', '', '', 1, 2, '2013-01-12 12:03:27', '0000-00-00 00:00:00'),
(724, 4, NULL, 'ingroth19', '09e9d08db521090ca0bb001ec1a1868c', 'ingroth19@axeo.net', '', '', '', '', '', '', 1, 2, '2013-01-12 12:03:27', '0000-00-00 00:00:00'),
(725, 4, NULL, 'lychust23', '652184045c83fe2302c1c3810af60e21', 'lychust23@axeo.net', '', '', '', '', '', '', 1, 2, '2013-01-12 12:03:27', '0000-00-00 00:00:00'),
(726, 4, NULL, 'resavah12', '3a34cd4f3347adf9ca0424b1aa1b390a', 'resavah12@axeo.net', '', '', '', '', '', '', 1, 2, '2013-01-12 12:03:27', '0000-00-00 00:00:00'),
(727, 4, NULL, 'ackight91', '9ad2a7a12e5b4a5910d70f3a99b7488b', 'ackight91@axeo.net', '', '', '', '', '', '', 1, 2, '2013-01-12 12:03:27', '0000-00-00 00:00:00'),
(728, 4, NULL, 'lorroth28', '6edae216251344f9fa70fafe4f62496f', 'lorroth28@axeo.net', '', '', '', '', '', '', 1, 2, '2013-01-12 12:03:27', '0000-00-00 00:00:00'),
(729, 4, NULL, 'poehmos40', 'a78af3e5c2229ff031fac9a1799603b2', 'poehmos40@axeo.net', '', '', '', '', '', '', 1, 2, '2013-01-12 12:03:27', '0000-00-00 00:00:00'),
(730, 4, NULL, 'quefrak49', '1d5a9fd4a654fe8ce53595c43d36f05c', 'quefrak49@axeo.net', '', '', '', '', '', '', 1, 2, '2013-01-12 12:03:27', '0000-00-00 00:00:00'),
(731, 4, NULL, 'torccer68', '6dbcb3e155d7a8fd6d737da809ace702', 'torccer68@axeo.net', '', '', '', '', '', '', 1, 2, '2013-01-12 12:03:27', '0000-00-00 00:00:00'),
(732, 4, NULL, 'essohin48', '52c69cd3d494a1e2bbbdb675f13102e0', 'essohin48@axeo.net', '', '', '', '', '', '', 1, 2, '2013-01-12 12:03:27', '0000-00-00 00:00:00'),
(733, 4, NULL, 'rodxtia90', 'e33ab003163342a884c64cffa0e99814', 'rodxtia90@axeo.net', '', '', '', '', '', '', 1, 2, '2013-01-12 12:03:27', '0000-00-00 00:00:00'),
(734, 4, NULL, 'raklang90', '056853e5ce4aad570d03fd2211920a40', 'raklang90@axeo.net', '', '', '', '', '', '', 1, 2, '2013-01-12 12:03:27', '0000-00-00 00:00:00'),
(735, 4, NULL, 'warnhat32', '97bb4c9a71c47451c60c39b39f8bd555', 'warnhat32@axeo.net', '', '', '', '', '', '', 1, 2, '2013-01-12 12:03:27', '0000-00-00 00:00:00'),
(736, 4, NULL, 'iaturor27', 'd21a49422d0a38c858c9b53aac51e9a1', 'iaturor27@axeo.net', '', '', '', '', '', '', 1, 2, '2013-01-12 12:03:27', '0000-00-00 00:00:00'),
(737, 4, NULL, 'perhini76', 'a07f430cc36a18b96351a0fa9eac08be', 'perhini76@axeo.net', '', '', '', '', '', '', 1, 2, '2013-01-12 12:03:27', '0000-00-00 00:00:00'),
(738, 4, NULL, 'launend66', '7775fb0bbe7a83f2142448dfc631f27d', 'launend66@axeo.net', '', '', '', '', '', '', 1, 2, '2013-01-12 12:03:27', '0000-00-00 00:00:00'),
(739, 4, NULL, 'streell51', 'e1505c03494e536833461421b5a6743a', 'streell51@axeo.net', '', '', '', '', '', '', 1, 2, '2013-01-12 12:03:27', '0000-00-00 00:00:00'),
(740, 4, NULL, 'mosedar29', '86c04bef2818fe47e1086c884eae3268', 'mosedar29@axeo.net', '', '', '', '', '', '', 1, 2, '2013-01-12 12:03:27', '0000-00-00 00:00:00'),
(741, 4, NULL, 'warcere10', 'a9f4baf6ba79c19264538b89e0825d73', 'warcere10@axeo.net', '', '', '', '', '', '', 1, 2, '2013-01-12 12:03:27', '0000-00-00 00:00:00'),
(742, 4, NULL, 'draeste47', '5859b8634985d61fcdfb3d6fed4093ec', 'draeste47@axeo.net', '', '', '', '', '', '', 1, 2, '2013-01-12 12:03:27', '0000-00-00 00:00:00'),
(743, 4, NULL, 'vernban82', 'da295904d034f4d6d67f49ee9fb17dc4', 'vernban82@axeo.net', '', '', '', '', '', '', 1, 2, '2013-01-12 12:03:27', '0000-00-00 00:00:00'),
(744, 4, NULL, 'coulild27', 'bc691641a16bef986fd978af76b62323', 'coulild27@axeo.net', '', '', '', '', '', '', 1, 2, '2013-01-12 12:03:27', '0000-00-00 00:00:00'),
(745, 4, NULL, 'vesxrod20', 'e4852217145da9beb5c61c7c711a3b10', 'vesxrod20@axeo.net', '', '', '', '', '', '', 1, 2, '2013-01-12 12:03:27', '0000-00-00 00:00:00'),
(746, 4, NULL, 'ighting18', '8ed4d1e8d6ed3e6c28a99790a5bb4d1d', 'ighting18@axeo.net', '', '', '', '', '', '', 1, 2, '2013-01-12 12:03:27', '0000-00-00 00:00:00'),
(747, 4, NULL, 'gyimnys16', '13f5304e7bf7bbc0595c6af83817e4b2', 'gyimnys16@axeo.net', '', '', '', '', '', '', 1, 2, '2013-01-12 12:03:27', '0000-00-00 00:00:00'),
(748, 4, NULL, 'kintasi21', '2e24f41a3d7f0a85c36a1736f78cadc6', 'kintasi21@axeo.net', '', '', '', '', '', '', 1, 2, '2013-01-12 12:03:27', '0000-00-00 00:00:00'),
(749, 4, NULL, 'taitild71', '75511249a8c633e6d4705eb57632965f', 'taitild71@axeo.net', '', '', '', '', '', '', 1, 2, '2013-01-12 12:03:27', '0000-00-00 00:00:00'),
(750, 4, NULL, 'cindeld54', '626d8292f4aaf21bce0173bc09f94ec2', 'cindeld54@axeo.net', '', '', '', '', '', '', 1, 2, '2013-01-12 12:03:27', '0000-00-00 00:00:00'),
(751, 4, NULL, 'therald25', '2f5097ab863d35502368696350939d90', 'therald25@axeo.net', '', '', '', '', '', '', 1, 2, '2013-01-12 12:03:27', '0000-00-00 00:00:00'),
(752, 4, NULL, 'daninea84', 'd5cf463a2f2f82b1e91b293f88e33f4c', 'daninea84@axeo.net', '', '', '', '', '', '', 1, 2, '2013-01-12 12:03:27', '0000-00-00 00:00:00'),
(753, 4, NULL, 'mosedar99', 'c9960cc7a973954d87914b619049f4ab', 'mosedar99@axeo.net', '', '', '', '', '', '', 1, 2, '2013-01-12 12:03:27', '0000-00-00 00:00:00'),
(754, 4, NULL, 'resavah83', 'c12bc88c712aa747f1f28f9cc24fe565', 'resavah83@axeo.net', '', '', '', '', '', '', 1, 2, '2013-01-12 12:03:27', '0000-00-00 00:00:00'),
(755, 4, NULL, 'kinugar35', '85ef408dc00a96a347b0e09df37bb7ac', 'kinugar35@axeo.net', '', '', '', '', '', '', 1, 2, '2013-01-12 12:03:27', '0000-00-00 00:00:00'),
(756, 4, NULL, 'ingyqua14', '53b7df7aade2004af5b0ab67bf37c883', 'ingyqua14@axeo.net', '', '', '', '', '', '', 1, 2, '2013-01-12 12:03:27', '0000-00-00 00:00:00'),
(757, 4, NULL, 'nyimash70', '0934398adf03d6f6b2954f3ba538c6fa', 'nyimash70@axeo.net', '', '', '', '', '', '', 1, 2, '2013-01-12 12:03:27', '0000-00-00 00:00:00'),
(758, 4, NULL, 'essathy64', '3e13ecb4472e0350452146c11675621b', 'essathy64@axeo.net', '', '', '', '', '', '', 1, 2, '2013-01-12 12:03:27', '0000-00-00 00:00:00'),
(759, 4, NULL, 'vernban31', '210923d2ab5d1264afdad9b920ca0a8d', 'vernban31@axeo.net', '', '', '', '', '', '', 1, 2, '2013-01-12 12:03:27', '0000-00-00 00:00:00'),
(760, 4, NULL, 'banroth34', '2a945bc5f8b9a81d8b2d8eafc0a056d0', 'banroth34@axeo.net', '', '', '', '', '', '', 1, 2, '2013-01-12 12:03:27', '0000-00-00 00:00:00'),
(761, 4, NULL, 'rilight85', '3d7c470429d829750735745a82543388', 'rilight85@axeo.net', '', '', '', '', '', '', 1, 2, '2013-01-12 12:03:27', '0000-00-00 00:00:00'),
(762, 4, NULL, 'yerocer28', '57e5c8482c84cf22c1dc311f45813fbb', 'yerocer28@axeo.net', '', '', '', '', '', '', 1, 2, '2013-01-12 12:03:27', '0000-00-00 00:00:00'),
(763, 4, NULL, 'denayer93', 'a5183ffb36a2a2c76a2c45eafb29e43d', 'denayer93@axeo.net', '', '', '', '', '', '', 1, 2, '2013-01-12 12:03:27', '0000-00-00 00:00:00'),
(764, 4, NULL, 'ceulend30', 'c7dc71cfc6bb7ab24e729ef80e8b791d', 'ceulend30@axeo.net', '', '', '', '', '', '', 1, 2, '2013-01-12 12:03:27', '0000-00-00 00:00:00'),
(765, 4, NULL, 'tanesto81', '4fe9cc366b18667165631cc6b85c3464', 'tanesto81@axeo.net', '', '', '', '', '', '', 1, 2, '2013-01-12 12:03:27', '0000-00-00 00:00:00'),
(766, 4, NULL, 'mos-dar63', '67429693bbd68614dada292d984e5436', 'mos-dar63@axeo.net', '', '', '', '', '', '', 1, 2, '2013-01-12 12:03:27', '0000-00-00 00:00:00'),
(767, 4, NULL, 'lorinee61', 'f53b3fb8adaca5fb9f3c325433bf8f78', 'lorinee61@axeo.net', '', '', '', '', '', '', 1, 2, '2013-01-12 12:03:27', '0000-00-00 00:00:00'),
(768, 4, NULL, 'poehmos78', '13c2aceef2334f259351987db9672e64', 'poehmos78@axeo.net', '', '', '', '', '', '', 1, 2, '2013-01-12 12:03:27', '0000-00-00 00:00:00'),
(769, 4, NULL, 'draeste13', 'f4d18f9347960a1e3e399dfe14ca554f', 'draeste13@axeo.net', '', '', '', '', '', '', 1, 2, '2013-01-12 12:03:27', '0000-00-00 00:00:00'),
(770, 4, NULL, 'denayer74', 'e56e0185802dd84ca8b27c4d3ee1592d', 'denayer74@axeo.net', '', '', '', '', '', '', 1, 2, '2013-01-12 12:03:27', '0000-00-00 00:00:00'),
(771, 4, NULL, 'achonas74', '23a46a832618f46529dd48f4f275b430', 'achonas74@axeo.net', '', '', '', '', '', '', 1, 2, '2013-01-12 12:03:27', '0000-00-00 00:00:00'),
(772, 4, NULL, 'feylkin76', '64f2b025c2b2800f7b7820faf56bab1c', 'feylkin76@axeo.net', '', '', '', '', '', '', 1, 2, '2013-01-12 12:03:27', '0000-00-00 00:00:00'),
(773, 4, NULL, 'kauwhon79', '417f6bac98b7e9ba9dde4ed267cbfd31', 'kauwhon79@axeo.net', '', '', '', '', '', '', 1, 2, '2013-01-12 12:03:27', '0000-00-00 00:00:00'),
(774, 4, NULL, 'ardinei84', '00507d7903e1e5029cff78b3d3c2c13c', 'ardinei84@axeo.net', '', '', '', '', '', '', 1, 2, '2013-01-12 12:03:27', '0000-00-00 00:00:00'),
(775, 4, NULL, 'gauding29', '668ca4e6aceb9728cf3e38bc4af73e09', 'gauding29@axeo.net', '', '', '', '', '', '', 1, 2, '2013-01-12 12:03:27', '0000-00-00 00:00:00'),
(776, 4, NULL, 'boichat17', 'b532a05e8480398704ce0eac1f04ddcb', 'boichat17@axeo.net', '', '', '', '', '', '', 1, 2, '2013-01-12 12:03:27', '0000-00-00 00:00:00'),
(777, 4, NULL, 'raklang13', '55c10e887d2b6b9624db92ef7e4b4ae8', 'raklang13@axeo.net', '', '', '', '', '', '', 1, 2, '2013-01-12 12:03:27', '0000-00-00 00:00:00'),
(778, 4, NULL, 'wheirem19', 'c7933a1174743b578dcdc37bd21b40a7', 'wheirem19@axeo.net', '', '', '', '', '', '', 1, 2, '2013-01-12 12:03:27', '0000-00-00 00:00:00'),
(779, 4, NULL, 'therkin41', 'b7fa5485c430ac84d583fac9f7da57f8', 'therkin41@axeo.net', '', '', '', '', '', '', 1, 2, '2013-01-12 12:03:27', '0000-00-00 00:00:00'),
(780, 4, NULL, 'kalaeld60', '4d99c69137fe685f9dd3e33ff13cea2d', 'kalaeld60@axeo.net', '', '', '', '', '', '', 1, 2, '2013-01-12 12:03:27', '0000-00-00 00:00:00'),
(781, 4, NULL, 'mortoni29', '98a74481d27e52ceb8b4d771e1423dfd', 'mortoni29@axeo.net', '', '', '', '', '', '', 1, 2, '2013-01-12 12:03:27', '0000-00-00 00:00:00'),
(782, 4, NULL, 'agenwar33', '460aa6f09c3d2af8a818792e901b030e', 'agenwar33@axeo.net', '', '', '', '', '', '', 1, 2, '2013-01-12 12:03:27', '0000-00-00 00:00:00'),
(783, 4, NULL, 'ageworo75', '60a80f568484e5c06cda4cf997ea5349', 'ageworo75@axeo.net', '', '', '', '', '', '', 1, 2, '2013-01-12 12:03:27', '0000-00-00 00:00:00'),
(784, 4, NULL, 'hoosdan55', '51cda84c98fa11dae1c9af746b3c16ee', 'hoosdan55@axeo.net', '', '', '', '', '', '', 1, 2, '2013-01-12 12:03:27', '0000-00-00 00:00:00'),
(785, 4, NULL, 'charoth63', '929faafbff82ec23ea20f90a9cf7d949', 'charoth63@axeo.net', '', '', '', '', '', '', 1, 2, '2013-01-12 12:03:27', '0000-00-00 00:00:00'),
(786, 4, NULL, 'wiartas82', '3e9baab4878555750d423cd7e97f1c09', 'wiartas82@axeo.net', '', '', '', '', '', '', 1, 2, '2013-01-12 12:03:27', '0000-00-00 00:00:00'),
(787, 4, NULL, 'skelton23', 'e7ecf6b298531a8ce982b0e466876fd5', 'skelton23@axeo.net', '', '', '', '', '', '', 1, 2, '2013-01-12 12:03:27', '0000-00-00 00:00:00'),
(788, 4, NULL, 'samiale34', 'f9cda8f813da7b2b86761f9bd76342e7', 'samiale34@axeo.net', '', '', '', '', '', '', 1, 2, '2013-01-12 12:03:27', '0000-00-00 00:00:00'),
(789, 4, NULL, 'percorm13', '52ea6e49b3122af52b49ca9427c3939f', 'percorm13@axeo.net', '', '', '', '', '', '', 1, 2, '2013-01-12 12:03:27', '0000-00-00 00:00:00'),
(790, 4, NULL, 'nalatur17', '768114d6ce3def83d0db4ce8dee84489', 'nalatur17@axeo.net', '', '', '', '', '', '', 1, 2, '2013-01-12 12:03:27', '0000-00-00 00:00:00'),
(791, 4, NULL, 'samrily80', '0fc6062a39130881c89f9932aa3c0fe5', 'samrily80@axeo.net', '', '', '', '', '', '', 1, 2, '2013-01-12 12:03:27', '0000-00-00 00:00:00'),
(792, 4, NULL, 'risuiss50', '6c4a66cf2bf4c8a348109e03e5796809', 'risuiss50@axeo.net', '', '', '', '', '', '', 1, 2, '2013-01-12 12:03:27', '0000-00-00 00:00:00'),
(793, 4, NULL, 'oughust26', '18315a37be708a3f76ca0fb7412f9d92', 'oughust26@axeo.net', '', '', '', '', '', '', 1, 2, '2013-01-12 12:03:27', '0000-00-00 00:00:00'),
(794, 4, NULL, 'achonas80', 'd97f8ac5176831f60b68f5f0f4ae81e1', 'achonas80@axeo.net', '', '', '', '', '', '', 1, 2, '2013-01-12 12:03:27', '0000-00-00 00:00:00'),
(795, 4, NULL, 'thryqua52', '44a12625e1d4bfc49a1077d47591c1ab', 'thryqua52@axeo.net', '', '', '', '', '', '', 1, 2, '2013-01-12 12:03:27', '0000-00-00 00:00:00'),
(796, 4, NULL, 'tinldyn31', '7fe918270431f2e9249f3c1f8c96b18b', 'tinldyn31@axeo.net', '', '', '', '', '', '', 1, 2, '2013-01-12 12:03:27', '0000-00-00 00:00:00'),
(797, 4, NULL, 'bitasen30', '3de3ec7cf67427ff32ab33a51eafca3b', 'bitasen30@axeo.net', '', '', '', '', '', '', 1, 2, '2013-01-12 12:03:27', '0000-00-00 00:00:00'),
(798, 4, NULL, 'chroler65', '4675af7d69404e1eaeae6637dc938e2a', 'chroler65@axeo.net', '', '', '', '', '', '', 1, 2, '2013-01-12 12:03:27', '0000-00-00 00:00:00'),
(799, 4, NULL, 'polrlye18', '85be41087091661d85ff7890c1fcd1fa', 'polrlye18@axeo.net', '', '', '', '', '', '', 1, 2, '2013-01-12 12:03:27', '0000-00-00 00:00:00'),
(800, 4, NULL, 'torccer88', 'b195ba7aa102e3a5ecb6532aebad5c88', 'torccer88@axeo.net', '', '', '', '', '', '', 1, 2, '2013-01-12 12:03:27', '0000-00-00 00:00:00'),
(801, 4, NULL, 'aldroth55', '60244f7a1ba6fd2962fc2dfe1de25df6', 'aldroth55@axeo.net', '', '', '', '', '', '', 1, 2, '2013-01-12 12:03:27', '0000-00-00 00:00:00'),
(802, 4, NULL, 'engnale61', 'e77d423d1d994e69f59c00eb74473358', 'engnale61@axeo.net', '', '', '', '', '', '', 1, 2, '2013-01-12 12:03:27', '0000-00-00 00:00:00'),
(803, 4, NULL, 'loiryer44', '26fff92ef31a895e28ed1006cbbcd4f7', 'loiryer44@axeo.net', '', '', '', '', '', '', 1, 2, '2013-01-12 12:03:27', '0000-00-00 00:00:00'),
(804, 4, NULL, 'quefrak74', 'b2e0605c6aea65a1f999bcad80f1b891', 'quefrak74@axeo.net', '', '', '', '', '', '', 1, 2, '2013-01-12 12:03:27', '0000-00-00 00:00:00'),
(805, 4, NULL, 'quefrak18', '500e3175011c25d15fd0fd17a224b6be', 'quefrak18@axeo.net', '', '', '', '', '', '', 1, 2, '2013-01-12 12:03:27', '0000-00-00 00:00:00'),
(806, 4, NULL, 'gyimnys32', '4ff695fd4ca1f9e122f46728539a8d90', 'gyimnys32@axeo.net', '', '', '', '', '', '', 1, 2, '2013-01-12 12:03:27', '0000-00-00 00:00:00'),
(807, 4, NULL, 'lyeporm72', '0a0ce6accf42381494cd71f00221f439', 'lyeporm72@axeo.net', '', '', '', '', '', '', 1, 2, '2013-01-12 12:03:27', '0000-00-00 00:00:00'),
(808, 4, NULL, 'warcere72', 'e521084cd1d79364554d30e8c9d109c8', 'warcere72@axeo.net', '', '', '', '', '', '', 1, 2, '2013-01-12 12:03:27', '0000-00-00 00:00:00'),
(809, 4, NULL, 'iaturor84', 'f734b183ee75509c93915dea67aa9300', 'iaturor84@axeo.net', '', '', '', '', '', '', 1, 2, '2013-01-12 12:03:27', '0000-00-00 00:00:00'),
(810, 4, NULL, 'gyimnys97', '8cd0440ad2a6db3fd260521df8e1afb9', 'gyimnys97@axeo.net', '', '', '', '', '', '', 1, 2, '2013-01-12 12:03:27', '0000-00-00 00:00:00'),
(811, 4, NULL, 'ighting96', '6521b705143d847d6cbb4ec6edb78f0f', 'ighting96@axeo.net', '', '', '', '', '', '', 1, 2, '2013-01-12 12:03:27', '0000-00-00 00:00:00'),
(812, 4, NULL, 'rakbest21', '02f4e9f7ad22b3f13bd9521866834795', 'rakbest21@axeo.net', '', '', '', '', '', '', 1, 2, '2013-01-12 12:03:27', '0000-00-00 00:00:00'),
(813, 4, NULL, 'omemsam36', '22b4bb8d2e844d9072d3fef5fa4137c1', 'omemsam36@axeo.net', '', '', '', '', '', '', 1, 2, '2013-01-12 12:03:27', '0000-00-00 00:00:00'),
(814, 4, NULL, 'oughden75', '2c82ecc47b46d6daee1c95159f60519e', 'oughden75@axeo.net', '', '', '', '', '', '', 1, 2, '2013-01-12 12:03:27', '0000-00-00 00:00:00'),
(815, 4, NULL, 'dilnsul50', '4420db66745e42946615c6ec17558812', 'dilnsul50@axeo.net', '', '', '', '', '', '', 1, 2, '2013-01-12 12:03:27', '0000-00-00 00:00:00'),
(816, 4, NULL, 'chroler68', 'f3146e595166924276a46a7d4c040cbc', 'chroler68@axeo.net', '', '', '', '', '', '', 1, 2, '2013-01-12 12:03:27', '0000-00-00 00:00:00'),
(817, 4, NULL, 'rannyem48', '4ea3cd0b77e638469f4296d44c7e9cea', 'rannyem48@axeo.net', '', '', '', '', '', '', 1, 2, '2013-01-12 12:03:27', '0000-00-00 00:00:00'),
(818, 4, NULL, 'rakbest25', 'e03bb97329269fb0cba03323b65b5669', 'rakbest25@axeo.net', '', '', '', '', '', '', 1, 2, '2013-01-12 12:03:27', '0000-00-00 00:00:00'),
(819, 4, NULL, 'skelton47', '84347535c0b34881f6d7192a11e0f2be', 'skelton47@axeo.net', '', '', '', '', '', '', 1, 2, '2013-01-12 12:03:27', '0000-00-00 00:00:00'),
(820, 4, NULL, 'gyimnys77', 'ac026095c7883947835ebe49e2669847', 'gyimnys77@axeo.net', '', '', '', '', '', '', 1, 2, '2013-01-12 12:03:27', '0000-00-00 00:00:00'),
(821, 4, NULL, 'vorarad38', '110bc8e563348bbe8da69e1b1dbfcc23', 'vorarad38@axeo.net', '', '', '', '', '', '', 1, 2, '2013-01-12 12:03:27', '0000-00-00 00:00:00'),
(822, 4, NULL, 'aldroth60', 'dd1260747f6b157298ea062d2ad0a9da', 'aldroth60@axeo.net', '', '', '', '', '', '', 1, 2, '2013-01-12 12:03:27', '0000-00-00 00:00:00'),
(823, 4, NULL, 'thuason15', '68f11e5ced3b1f729800b2bf07f7059a', 'thuason15@axeo.net', '', '', '', '', '', '', 1, 2, '2013-01-12 12:03:27', '0000-00-00 00:00:00'),
(824, 4, NULL, 'iaturor63', '12b156136300410a3b5fd0b1419d0602', 'iaturor63@axeo.net', '', '', '', '', '', '', 1, 2, '2013-01-12 12:03:27', '0000-00-00 00:00:00'),
(825, 4, NULL, 'nyimash91', '9fa047b4850ac41c4344459b433e2c65', 'nyimash91@axeo.net', '', '', '', '', '', '', 1, 2, '2013-01-12 12:03:27', '0000-00-00 00:00:00'),
(826, 4, NULL, 'skelton43', '9d2e749983765bccee1cf324111e9c78', 'skelton43@axeo.net', '', '', '', '', '', '', 1, 2, '2013-01-12 12:03:27', '0000-00-00 00:00:00'),
(827, 4, NULL, 'kiniach14', 'e0d64f83f42d5d0dadbc8649a5d33d0d', 'kiniach14@axeo.net', '', '', '', '', '', '', 1, 2, '2013-01-12 12:03:27', '0000-00-00 00:00:00'),
(828, 4, NULL, 'kalaeld75', 'bdc1261323eda465630e8c2d80a2833d', 'kalaeld75@axeo.net', '', '', '', '', '', '', 1, 2, '2013-01-12 12:03:27', '0000-00-00 00:00:00'),
(829, 4, NULL, 'crayden47', '81fa5b24fb20a958f94bdd64eb4f9ae9', 'crayden47@axeo.net', '', '', '', '', '', '', 1, 2, '2013-01-12 12:03:27', '0000-00-00 00:00:00'),
(830, 4, NULL, 'bragest11', 'f9b50443404b72794024658590ab4aae', 'bragest11@axeo.net', '', '', '', '', '', '', 1, 2, '2013-01-12 12:03:27', '0000-00-00 00:00:00'),
(831, 4, NULL, 'lorroth76', '7da944938dd13f4a90f365155af0e0f0', 'lorroth76@axeo.net', '', '', '', '', '', '', 1, 2, '2013-01-12 12:03:27', '0000-00-00 00:00:00'),
(832, 4, NULL, 'shentan30', 'e12075708d54757a4dd80fe12968fe9f', 'shentan30@axeo.net', '', '', '', '', '', '', 1, 2, '2013-01-12 12:03:27', '0000-00-00 00:00:00'),
(833, 4, NULL, 'chether29', 'a72f9d4e0ad50cc82f3885c711f51c80', 'chether29@axeo.net', '', '', '', '', '', '', 1, 2, '2013-01-12 12:03:27', '0000-00-00 00:00:00'),
(834, 4, NULL, 'skelton16', '224fe58684fb94de826861b66310bd11', 'skelton16@axeo.net', '', '', '', '', '', '', 1, 2, '2013-01-12 12:03:27', '0000-00-00 00:00:00'),
(835, 4, NULL, 'kinugar39', '169d61c6af630bb0666f4fd984eb10a3', 'kinugar39@axeo.net', '', '', '', '', '', '', 1, 2, '2013-01-12 12:03:27', '0000-00-00 00:00:00'),
(836, 4, NULL, 'ineangu63', 'ff105cebd94137ae029222d7772b6c5e', 'ineangu63@axeo.net', '', '', '', '', '', '', 1, 2, '2013-01-12 12:03:27', '0000-00-00 00:00:00'),
(837, 4, NULL, 'torccer34', '208530b15636132569dd849ff918925c', 'torccer34@axeo.net', '', '', '', '', '', '', 1, 2, '2013-01-12 12:03:27', '0000-00-00 00:00:00'),
(838, 4, NULL, 'duanper23', 'dac0d7456267b5c38e4c273289f66ef0', 'duanper23@axeo.net', '', '', '', '', '', '', 1, 2, '2013-01-12 12:03:27', '0000-00-00 00:00:00'),
(839, 4, NULL, 'nalatur84', 'd1a9e6082af4da77a8102de407db7b61', 'nalatur84@axeo.net', '', '', '', '', '', '', 1, 2, '2013-01-12 12:03:27', '0000-00-00 00:00:00'),
(840, 4, NULL, 'dynawar76', 'c0ff8ba8595378a2f6ad3e0dff9a5daf', 'dynawar76@axeo.net', '', '', '', '', '', '', 1, 2, '2013-01-12 12:03:27', '0000-00-00 00:00:00'),
(841, 4, NULL, 'essohin45', '2fe4d3f7e9c41c5f2243e12f4cc04299', 'essohin45@axeo.net', '', '', '', '', '', '', 1, 2, '2013-01-12 12:03:27', '0000-00-00 00:00:00'),
(842, 4, NULL, 'vorarad11', '385a1bde223a172ae9d4d8c271a4ee4b', 'vorarad11@axeo.net', '', '', '', '', '', '', 1, 2, '2013-01-12 12:03:27', '0000-00-00 00:00:00'),
(843, 4, NULL, 'mieccer86', 'a29f2fc91722a349e46eb9e47c247098', 'mieccer86@axeo.net', '', '', '', '', '', '', 1, 2, '2013-01-12 12:03:27', '0000-00-00 00:00:00'),
(844, 4, NULL, 'nalatur16', '8610504a23350e852051e8af95abfdf8', 'nalatur16@axeo.net', '', '', '', '', '', '', 1, 2, '2013-01-12 12:03:27', '0000-00-00 00:00:00'),
(845, 4, NULL, 'boichat35', 'd5ced286707f24e34282b791b939d5b7', 'boichat35@axeo.net', '', '', '', '', '', '', 1, 2, '2013-01-12 12:03:27', '0000-00-00 00:00:00'),
(846, 4, NULL, 'kauwhon27', '3953020598815e1c24af5222376c090c', 'kauwhon27@axeo.net', '', '', '', '', '', '', 1, 2, '2013-01-12 12:03:27', '0000-00-00 00:00:00'),
(847, 4, NULL, 'perhini40', '0a52e1ff851d179d24cc9ee578a6eeca', 'perhini40@axeo.net', '', '', '', '', '', '', 1, 2, '2013-01-12 12:03:27', '0000-00-00 00:00:00'),
(848, 4, NULL, 'quefrak20', '0d7405f2e14553fe973ef73409d3eaea', 'quefrak20@axeo.net', '', '', '', '', '', '', 1, 2, '2013-01-12 12:03:27', '0000-00-00 00:00:00'),
(849, 4, NULL, 'sultaso66', '549780dbc50848189fae79384c2e6049', 'sultaso66@axeo.net', '', '', '', '', '', '', 1, 2, '2013-01-12 12:03:27', '0000-00-00 00:00:00'),
(850, 4, NULL, 'toniess37', '97cec33a6076ce3950abf53ac597de4b', 'toniess37@axeo.net', '', '', '', '', '', '', 1, 2, '2013-01-12 12:03:27', '0000-00-00 00:00:00'),
(851, 4, NULL, 'tausath75', 'a9febed9319942fd6b020d0c47c6ea4c', 'tausath75@axeo.net', '', '', '', '', '', '', 1, 2, '2013-01-12 12:03:27', '0000-00-00 00:00:00'),
(852, 4, NULL, 'schiris73', 'fd37007644234041c060cebd1b456490', 'schiris73@axeo.net', '', '', '', '', '', '', 1, 2, '2013-01-12 12:03:27', '0000-00-00 00:00:00'),
(853, 4, NULL, 'gyimnys11', 'f55b824bee689bd177c008262cfc0d1e', 'gyimnys11@axeo.net', '', '', '', '', '', '', 1, 2, '2013-01-12 12:03:27', '0000-00-00 00:00:00'),
(854, 4, NULL, 'essohin40', '8be2c0150247d24d94f37e15308ad7da', 'essohin40@axeo.net', '', '', '', '', '', '', 1, 2, '2013-01-12 12:03:27', '0000-00-00 00:00:00'),
(855, 4, NULL, 'ightray89', 'ee4ae1c01b16d96a450c8f9b45054ac2', 'ightray89@axeo.net', '', '', '', '', '', '', 1, 2, '2013-01-12 12:03:27', '0000-00-00 00:00:00'),
(856, 4, NULL, 'achonas49', 'dab5ae476276cd56da4dc294ad3c3f33', 'achonas49@axeo.net', '', '', '', '', '', '', 1, 2, '2013-01-12 12:03:27', '0000-00-00 00:00:00'),
(857, 4, NULL, 'raklang39', 'b0ec02102bb0e3cc39f71c07efb63e1d', 'raklang39@axeo.net', '', '', '', '', '', '', 1, 2, '2013-01-12 12:03:27', '0000-00-00 00:00:00'),
(858, 4, NULL, 'ightray98', 'a97a6da836d74851234be9051242fea1', 'ightray98@axeo.net', '', '', '', '', '', '', 1, 2, '2013-01-12 12:03:27', '0000-00-00 00:00:00'),
(859, 4, NULL, 'cheielm52', '4f48ead6f52bec4a9400d3a982a7011c', 'cheielm52@axeo.net', '', '', '', '', '', '', 1, 2, '2013-01-12 12:03:27', '0000-00-00 00:00:00'),
(860, 4, NULL, 'aughsay34', '076c3bdd6c98a1bdcd798ed02cd6a145', 'aughsay34@axeo.net', '', '', '', '', '', '', 1, 2, '2013-01-12 12:03:27', '0000-00-00 00:00:00'),
(861, 4, NULL, 'kyustum24', '090b8bd4cbfad71544002e6cb5df813d', 'kyustum24@axeo.net', '', '', '', '', '', '', 1, 2, '2013-01-12 12:03:27', '0000-00-00 00:00:00'),
(862, 4, NULL, 'blatyer20', '74f0a815a20a7cde6b74686e0e659db5', 'blatyer20@axeo.net', '', '', '', '', '', '', 1, 2, '2013-01-12 12:03:27', '0000-00-00 00:00:00'),
(863, 4, NULL, 'iaturor22', '5f3fb9415eda8c75e53b14784a78716a', 'iaturor22@axeo.net', '', '', '', '', '', '', 1, 2, '2013-01-12 12:03:27', '0000-00-00 00:00:00'),
(864, 4, NULL, 'esstasi89', 'd5df8faf7d1a94810a5d8a8b160ea8ab', 'esstasi89@axeo.net', '', '', '', '', '', '', 1, 2, '2013-01-12 12:03:27', '0000-00-00 00:00:00'),
(865, 4, NULL, 'turight11', 'a9d52455fedd6cea1a49d780d37d9069', 'turight11@axeo.net', '', '', '', '', '', '', 1, 2, '2013-01-12 12:03:27', '0000-00-00 00:00:00'),
(866, 4, NULL, 'felaych76', 'a9f7dace2fbed10bf0cdafd5085fc926', 'felaych76@axeo.net', '', '', '', '', '', '', 1, 2, '2013-01-12 12:03:27', '0000-00-00 00:00:00'),
(867, 4, NULL, 'rilvore35', '2e34fe780dbf9650f4d8d586df0e3d0c', 'rilvore35@axeo.net', '', '', '', '', '', '', 1, 2, '2013-01-12 12:03:27', '0000-00-00 00:00:00'),
(868, 4, NULL, 'risuiss80', 'afa61d3f0a5d21a970912691734d3faa', 'risuiss80@axeo.net', '', '', '', '', '', '', 1, 2, '2013-01-12 12:03:27', '0000-00-00 00:00:00'),
(869, 4, NULL, 'streell44', '5802790b78e238cab80cd7971af1516e', 'streell44@axeo.net', '', '', '', '', '', '', 1, 2, '2013-01-12 12:03:27', '0000-00-00 00:00:00'),
(870, 4, NULL, 'loiryer66', '4e22c6386da4cfacf7fff462155b0db8', 'loiryer66@axeo.net', '', '', '', '', '', '', 1, 2, '2013-01-12 12:03:27', '0000-00-00 00:00:00'),
(871, 4, NULL, 'oughust48', 'ccde0dd982ec2fa4cb035f5247a64c37', 'oughust48@axeo.net', '', '', '', '', '', '', 1, 2, '2013-01-12 12:03:27', '0000-00-00 00:00:00'),
(872, 4, NULL, 'usteina53', '7e9ce1ce55710cc4872d404351fed043', 'usteina53@axeo.net', '', '', '', '', '', '', 1, 2, '2013-01-12 12:03:27', '0000-00-00 00:00:00'),
(873, 4, NULL, 'sultaso74', '50edacc8d64aaca33dc781ee8f7e1e9b', 'sultaso74@axeo.net', '', '', '', '', '', '', 1, 2, '2013-01-12 12:03:27', '0000-00-00 00:00:00'),
(874, 4, NULL, 'braghos62', 'c8978bbb92c739cecb74e3ac8616616e', 'braghos62@axeo.net', '', '', '', '', '', '', 1, 2, '2013-01-12 12:03:27', '0000-00-00 00:00:00'),
(875, 4, NULL, 'cindeld40', '9368bcc330f850ff9a204e0f9b0a713b', 'cindeld40@axeo.net', '', '', '', '', '', '', 1, 2, '2013-01-12 12:03:27', '0000-00-00 00:00:00'),
(876, 4, NULL, 'mosyina94', 'cdadb663a4f165af33a902b28d1488a7', 'mosyina94@axeo.net', '', '', '', '', '', '', 1, 2, '2013-01-12 12:03:27', '0000-00-00 00:00:00'),
(877, 4, NULL, 'rilvore19', '2bed292cb34a1ac58c2164b25ba4275b', 'rilvore19@axeo.net', '', '', '', '', '', '', 1, 2, '2013-01-12 12:03:27', '0000-00-00 00:00:00'),
(878, 4, NULL, 'taitild12', '8ea8d50191c9b0edc771eb875542f779', 'taitild12@axeo.net', '', '', '', '', '', '', 1, 2, '2013-01-12 12:03:27', '0000-00-00 00:00:00'),
(879, 4, NULL, 'cindeld19', '9226dd8d60a77a2a7753bd3b0ea21590', 'cindeld19@axeo.net', '', '', '', '', '', '', 1, 2, '2013-01-12 12:03:27', '0000-00-00 00:00:00'),
(880, 4, NULL, 'aughsay10', '912d22c4ae276523f7a0c866af0cf5a3', 'aughsay10@axeo.net', '', '', '', '', '', '', 1, 2, '2013-01-12 12:03:27', '0000-00-00 00:00:00'),
(881, 4, NULL, 'vorarad70', '9b5cceaf5f4801c7c3b977a04171d6e1', 'vorarad70@axeo.net', '', '', '', '', '', '', 1, 2, '2013-01-12 12:03:27', '0000-00-00 00:00:00'),
(882, 4, NULL, 'warnhat23', '9959fa5ed7ff2a185966550ea9f41650', 'warnhat23@axeo.net', '', '', '', '', '', '', 1, 2, '2013-01-12 12:03:27', '0000-00-00 00:00:00'),
(883, 4, NULL, 'braghos45', 'c4088f5defd5b7335f6f2e80884f9d14', 'braghos45@axeo.net', '', '', '', '', '', '', 1, 2, '2013-01-12 12:03:27', '0000-00-00 00:00:00'),
(886, 4, NULL, 'demo-user', '0d4096d56c45d4f633217a1b7cce679b', 'info@axeo.com', '', '', '', '', '', '', 1, 0, '2013-11-18 10:55:08', '0000-00-00 00:00:00'),
(887, 6, NULL, 'admin', 'bbb8f9ed8473152ea23aac7adb700b04', 'admin@yahoo.com', '', '', '', '', '', '', 1, 2, '2013-12-11 16:22:26', '2013-12-11 16:25:14');

/*!40101 SET CHARACTER_SET_CLIENT=@OLD_CHARACTER_SET_CLIENT */;
/*!40101 SET CHARACTER_SET_RESULTS=@OLD_CHARACTER_SET_RESULTS */;
/*!40101 SET COLLATION_CONNECTION=@OLD_COLLATION_CONNECTION */;
